{

    "AWSTemplateFormatVersion": "2010-09-09",

    "Description": "Eagle airlines ticket app(dapp) infrastructure",

    "Parameters": {

        "DAPPEC2KeypairName": {
            "Description": "Key name of EC2 machine on which ethereum nodes will run",
            "Type": "String",
            "Default": "eaticketec2key"
        },

        "DAPPEC2InstanceName": {
            "Description": "Name of the EC2 machine",
            "Type": "String",
            "Default": "eaticketserver"
        },
        
        "DAPPEC2InstanceType": {
            "Description": "EC2 instance type",
            "Type": "String",
            "Default": "t3a.medium"
        },

        "DAPPEC2InstanceAMI": {
            "Description": "EC2 Instance AMI",
            "Type": "String",
            "Default": "ami-0c7217cdde317cfec"
        },

        "DAPPTagName":{
            "Description": "Tag name to be used while creating resources",
            "Type": "String",
            "Default": "Name"
        },

        "DAPPTagValue": {
            "Description": "Tag value to be used while creating resources",
            "Type": "String",
            "Default": "eaticket"
        },
        
        "DAPPEC2AdminRoleName": {
            "Description": "Name of ec2 IAM admin role",
            "Type": "String",
            "Default": "eaticketec2adminrole"
        },
		
        "DAPPS3BucketName":{
            "Description": "Name of S3 to be created",
            "Type": "String",
            "Default": "eagleairlinesticket"
        }
    },

    "Resources": {

        "DAPPEC2AdminRole": {
            "Type": "AWS::IAM::Role",
            "Properties": {
                "AssumeRolePolicyDocument": {
                    "Version": "2012-10-17",
                    "Statement": [
                        {
                            "Effect": "Allow",
                            "Principal": {
                                "Service": [
                                    "ec2.amazonaws.com"
                                ]
                            },
                            "Action": [
                                "sts:AssumeRole"
                            ]
                        }
                    ]
                },
                "ManagedPolicyArns" : ["arn:aws:iam::aws:policy/AdministratorAccess"],
                "RoleName": {
                    "Ref": "DAPPEC2AdminRoleName"
                },
                "Tags": [
                    {
                        "Key": {
                            "Ref": "DAPPTagName"
                        },
                        "Value": {
                            "Ref": "DAPPTagValue"
                        }
                    }
                ]
            }
        },

        "DAPPEC2AdminRoleInstance": {
            "Type": "AWS::IAM::InstanceProfile",
            "Properties": {
                "Path": "/",
                "Roles": [
                    {
                        "Ref": "DAPPEC2AdminRole"
                    }
                ],
                "InstanceProfileName" : {
                    "Ref": "DAPPEC2AdminRoleName"
                }
            }
        },

        "DAPPVPC": {
            "Type": "AWS::EC2::VPC",
            "Properties": {
                "CidrBlock": "10.0.0.0/16",
                "EnableDnsHostnames": "true",
                "EnableDnsSupport": "true",
                "Tags": [
                    {
                        "Key": {
                            "Ref": "DAPPTagName"
                        },
                        "Value": {
                            "Ref": "DAPPTagValue"
                        }
                    }
                ]
            }
        },

        "DAPPSubnet": {
            "Type": "AWS::EC2::Subnet",
            "Properties": {
                "VpcId": {
                    "Ref": "DAPPVPC"
                },
                "CidrBlock": "10.0.1.0/24",
                "AvailabilityZone": "us-east-1a",
                "MapPublicIpOnLaunch": "true",
                "Tags": [
                    {
                        "Key": {
                            "Ref": "DAPPTagName"
                        },
                        "Value": {
                            "Ref": "DAPPTagValue"
                        }
                    }
                ]
            }
        },
        
       "DAPPSecurityGroup": {
            "Type": "AWS::EC2::SecurityGroup",
            "Properties": {
                "GroupDescription": "Enable All ingress i.e all protocols/ports",
                "VpcId": {
                    "Ref": "DAPPVPC"
                },
                "SecurityGroupIngress": [
                    {
                        "IpProtocol": -1,
                        "FromPort": 0,
                        "ToPort": 65535,
                        "CidrIp": "0.0.0.0/0"
                    }
                ],
                "Tags": [
                    {
                        "Key": {
                            "Ref": "DAPPTagName"
                        },
                        "Value": {
                            "Ref": "DAPPTagValue"
                        }
                    }
                ]
            }
        },
        
        "DAPPIG": {
            "Type": "AWS::EC2::InternetGateway",
            "Properties": {
                "Tags": [
                    {
                        "Key": {
                            "Ref": "DAPPTagName"
                        },
                        "Value": {
                            "Ref": "DAPPTagValue"
                        }
                    }
                ]
            }
            
        },
        
        "DAPPRouteTable" : {
            "Type" : "AWS::EC2::RouteTable",
            "Properties" : {
                "VpcId" : {
                    "Ref" : "DAPPVPC"
                },
                "Tags": [
                    {
                        "Key": {
                            "Ref": "DAPPTagName"
                        },
                        "Value": {
                            "Ref": "DAPPTagValue"
                        }
                    }
                ]
            }
        },

        "DAPPSubnetRouteTableAssociation" : {
           "Type" : "AWS::EC2::SubnetRouteTableAssociation",
           "Properties" : {
               "SubnetId" : { 
                    "Ref" : "DAPPSubnet" 
                },
                "RouteTableId" : { 
                    "Ref" : "DAPPRouteTable" 
                }
            }
        },

        "DAPPRoute" : {
            "Type" : "AWS::EC2::Route",
			"DependsOn" : "DAPPIG",
            "Properties" : {
                "RouteTableId" : { 
                    "Ref" : "DAPPRouteTable" 
                },
                "DestinationCidrBlock" : "0.0.0.0/0",
                "GatewayId" : { 
                    "Ref" : "DAPPIG"
                }
            }
        },

        "DAPPVPCGatewayAttachment" : {
            "Type" : "AWS::EC2::VPCGatewayAttachment",
            "Properties" : {
                "InternetGatewayId" : {
                    "Ref" : "DAPPIG"
                },
                "VpcId" : {
                    "Ref" : "DAPPVPC"
                }
            }
        },

        "DAPPEC2KeyPair": {
            "Type" : "AWS::EC2::KeyPair",
            "Properties" : {
                "KeyName" : {
                    "Ref" : "DAPPEC2KeypairName"
                },
                "Tags": [
                    {
                        "Key": {
                            "Ref": "DAPPTagName"
                        },
                        "Value": {
                            "Ref": "DAPPTagValue"
                        }
                    }
                ]
            }
        },      

        "DAPPEC2Instance": {
            "Type": "AWS::EC2::Instance",
            "Properties": {
                "IamInstanceProfile" : {
                    "Ref" : "DAPPEC2AdminRoleInstance"
                },
                "Tags": [
                    {
                        "Key": {
                            "Ref": "DAPPTagName"
                        },
                        "Value": {
                            "Ref": "DAPPTagValue"
                        }
                    }
                ],                
                "InstanceType": {
                    "Ref": "DAPPEC2InstanceType"
                },
                "ImageId": {
                    "Ref": "DAPPEC2InstanceAMI"
                },
                "KeyName" : {
                    "Ref": "DAPPEC2KeyPair"
                },
                "NetworkInterfaces": [
                    {
                        "GroupSet": [
                            {
                                "Ref": "DAPPSecurityGroup"
                            }
                        ],
                        "DeviceIndex": "0",
                        "SubnetId": {
                            "Ref": "DAPPSubnet"
                        }
                    }
                ],
                "UserData": {
                    "Fn::Base64": {
                        "Fn::Join": [
                            "\n",
                            [
                                "#!/bin/bash",
                                "sudo echo stage1=start | sudo tee -a /etc/environment",
                                "sudo apt-get update",
                                "sudo apt-get install python3-pip -y",
                                "pip install boto3",
                                "sudo apt-get update",
                                "sudo echo stage2=python installed | sudo tee -a /etc/environment",
								"sudo add-apt-repository -y ppa:ethereum/ethereum",
								"sudo apt-get update",
								"sudo apt-get install ethereum -y",
                                "sudo apt-get update",
                                "sudo echo stage3=geth installed | sudo tee -a /etc/environment",
								"sudo apt-get install awscli -y",
                                "sudo apt-get update",
                                "sudo echo stage4=aws cli installed | sudo tee -a /etc/environment",
								"sudo apt update",
								"sudo mv /var/lib/dpkg/info/install-info.postinst /var/lib/dpkg/info/install-info.postinst.bad",
								"sudo apt install openjdk-21-jdk -y",
								"sudo echo stage5=OpenJDK21 installed | sudo tee -a /etc/environment",
								"wget https://hyperledger.jfrog.io/artifactory/besu-binaries/besu/23.10.3/besu-23.10.3.zip",
								"sudo apt install unzip",
								"unzip besu-23.10.3.zip",
								"sudo echo stage6=besu installed | sudo tee -a /etc/environment",
								"sudo wget https://s01.oss.sonatype.org/service/local/repositories/releases/content/net/consensys/quorum/tessera/tessera-dist/23.4.0/tessera-dist-23.4.0.tar",
								"sudo tar -xf tessera-dist-23.4.0.tar",
								"sudo echo stage7=tessera installed | sudo tee -a /etc/environment"
                            ]
                        ]
                    }
                }
            }
        },
        "DAPPS3Bucket" : {
            "Type" : "AWS::S3::Bucket",
            "Properties": {
                "BucketName": {
                    "Ref" : "DAPPS3BucketName"
                },
				"Tags": [
                    {
                        "Key": {
                            "Ref": "DAPPTagName"
                        },
                        "Value": {
                            "Ref": "DAPPTagValue"
                        }
                    }
                ]
            }       
        }
	},

    "Outputs" : 
    {
        "InstanceID" : {
            "Description" : "InstanceID of EC2 Instance created",
            "Value" : { 
                "Ref" : "DAPPEC2Instance" 
            }
        }
    }
}