{

    "AWSTemplateFormatVersion": "2010-09-09",

    "Description": "Creates the resources required for the eagle airlines ticketing application (eaticket).",

    "Parameters": {

        "EATicketEC2KeypairName": {
            "Description": "Key name of EC2 machine on which ethereum nodes of the eagle airlines ticketing app run",
            "Type": "String",
            "Default": "eaticketec2key"
        },

        "EATicketEC2InstanceName": {
            "Description": "Name of the EC2 machine to be created",
            "Type": "String",
            "Default": "eaticketserver"
        },
        
        "EATicketEC2InstanceType": {
            "Description": "EC2 instance type",
            "Type": "String",
            "Default": "t2.micro"
        },

        "EATicketEC2InstanceAMI": {
            "Description": "EC2 Instance AMI",
            "Type": "String",
            "Default": "ami-0fc5d935ebf8bc3bc"
        },

        "EATicketIdentifierTagName":{
            "Description": "Tag name to be used while creating resources",
            "Type": "String",
            "Default": "Name"
        },

        "EATicketIdentifierTagValue": {
            "Description": "Tag value to be used while creating resources",
            "Type": "String",
            "Default": "eaticket"
        },
        
        "EATicketEC2AdminRoleName": {
            "Description": "Name of ec2 IAM admin role",
            "Type": "String",
            "Default": "eaticketec2adminrole"
        },
		
        "EATicketS3BucketName":{
            "Description": "Name of S3 to be created",
            "Type": "String",
            "Default": "eaticketdapps3bucket"
        }
    },

    "Resources": {

        "EATicketEC2AdminRole": {
            "Type": "AWS::IAM::Role",
            "Properties": {
                "AssumeRolePolicyDocument": {
                    "Version": "2012-10-17",
                    "Statement": [
                        {
                            "Effect": "Allow",
                            "Principal": {
                                "Service": [
                                    "ec2.amazonaws.com"
                                ]
                            },
                            "Action": [
                                "sts:AssumeRole"
                            ]
                        }
                    ]
                },
                "ManagedPolicyArns" : ["arn:aws:iam::aws:policy/AdministratorAccess"],
                "RoleName": {
                    "Ref": "EATicketEC2AdminRoleName"
                },
                "Tags": [
                    {
                        "Key": {
                            "Ref": "EATicketIdentifierTagName"
                        },
                        "Value": {
                            "Ref": "EATicketIdentifierTagValue"
                        }
                    }
                ]
            }
        },

        "EATicketEC2AdminRoleInstance": {
            "Type": "AWS::IAM::InstanceProfile",
            "Properties": {
                "Path": "/",
                "Roles": [
                    {
                        "Ref": "EATicketEC2AdminRole"
                    }
                ],
                "InstanceProfileName" : {
                    "Ref": "EATicketEC2AdminRoleName"
                }
            }
        },

        "EATicketVPC": {
            "Type": "AWS::EC2::VPC",
            "Properties": {
                "CidrBlock": "10.0.0.0/16",
                "EnableDnsHostnames": "true",
                "EnableDnsSupport": "true",
                "Tags": [
                    {
                        "Key": {
                            "Ref": "EATicketIdentifierTagName"
                        },
                        "Value": {
                            "Ref": "EATicketIdentifierTagValue"
                        }
                    }
                ]
            }
        },

        "EATicketSubnet": {
            "Type": "AWS::EC2::Subnet",
            "Properties": {
                "VpcId": {
                    "Ref": "EATicketVPC"
                },
                "CidrBlock": "10.0.1.0/24",
                "AvailabilityZone": "us-east-1a",
                "MapPublicIpOnLaunch": "true",
                "Tags": [
                    {
                        "Key": {
                            "Ref": "EATicketIdentifierTagName"
                        },
                        "Value": {
                            "Ref": "EATicketIdentifierTagValue"
                        }
                    }
                ]
            }
        },
        
       "EATicketSecurityGroup": {
            "Type": "AWS::EC2::SecurityGroup",
            "Properties": {
                "GroupDescription": "Enable HTTP, HTTPS, SSH, All ingress",
                "VpcId": {
                    "Ref": "EATicketVPC"
                },
                "SecurityGroupIngress": [
                    {
                        "IpProtocol": -1,
                        "FromPort": 0,
                        "ToPort": 65535,
                        "CidrIp": "0.0.0.0/0"
                    }
                ],
                "Tags": [
                    {
                        "Key": {
                            "Ref": "EATicketIdentifierTagName"
                        },
                        "Value": {
                            "Ref": "EATicketIdentifierTagValue"
                        }
                    }
                ]
            }
        },
        
        "EATicketIG": {
            "Type": "AWS::EC2::InternetGateway",
            "Properties": {
                "Tags": [
                    {
                        "Key": {
                            "Ref": "EATicketIdentifierTagName"
                        },
                        "Value": {
                            "Ref": "EATicketIdentifierTagValue"
                        }
                    }
                ]
            }
            
        },
        
        "EATicketRouteTable" : {
            "Type" : "AWS::EC2::RouteTable",
            "Properties" : {
                "VpcId" : {
                    "Ref" : "EATicketVPC"
                },
                "Tags": [
                    {
                        "Key": {
                            "Ref": "EATicketIdentifierTagName"
                        },
                        "Value": {
                            "Ref": "EATicketIdentifierTagValue"
                        }
                    }
                ]
            }
        },

        "EATicketSubnetRouteTableAssociation" : {
           "Type" : "AWS::EC2::SubnetRouteTableAssociation",
           "Properties" : {
               "SubnetId" : { 
                    "Ref" : "EATicketSubnet" 
                },
                "RouteTableId" : { 
                    "Ref" : "EATicketRouteTable" 
                }
            }
        },

        "EATicketRoute" : {
            "Type" : "AWS::EC2::Route",
            "Properties" : {
                "RouteTableId" : { 
                    "Ref" : "EATicketRouteTable" 
                },
                "DestinationCidrBlock" : "0.0.0.0/0",
                "GatewayId" : { 
                    "Ref" : "EATicketIG"
                }
            }
        },

        "EATicketVPCGatewayAttachment" : {
            "Type" : "AWS::EC2::VPCGatewayAttachment",
            "Properties" : {
                "InternetGatewayId" : {
                    "Ref" : "EATicketIG"
                },
                "VpcId" : {
                    "Ref" : "EATicketVPC"
                }
            }
        },

        "EATicketEC2KeyPair": {
            "Type" : "AWS::EC2::KeyPair",
            "Properties" : {
                "KeyName" : {
                    "Ref" : "EATicketEC2KeypairName"
                },
                "Tags": [
                    {
                        "Key": {
                            "Ref": "EATicketIdentifierTagName"
                        },
                        "Value": {
                            "Ref": "EATicketIdentifierTagValue"
                        }
                    }
                ]
            }
        },      

        "EATicketEC2Instance": {
            "Type": "AWS::EC2::Instance",
            "Properties": {
                "IamInstanceProfile" : {
                    "Ref" : "EATicketEC2AdminRoleInstance"
                },
                "Tags": [
                    {
                        "Key": {
                            "Ref": "EATicketIdentifierTagName"
                        },
                        "Value": {
                            "Ref": "EATicketIdentifierTagValue"
                        }
                    }
                ],                
                "InstanceType": {
                    "Ref": "EATicketEC2InstanceType"
                },
                "ImageId": {
                    "Ref": "EATicketEC2InstanceAMI"
                },
                "KeyName" : {
                    "Ref": "EATicketEC2KeyPair"
                },
                "NetworkInterfaces": [
                    {
                        "GroupSet": [
                            {
                                "Ref": "EATicketSecurityGroup"
                            }
                        ],
                        "DeviceIndex": "0",
                        "SubnetId": {
                            "Ref": "EATicketSubnet"
                        }
                    }
                ],
                "UserData": {
                    "Fn::Base64": {
                        "Fn::Join": [
                            "\n",
                            [
                                "#!/bin/bash",
                                "sudo echo stage1=start | sudo tee -a /etc/environment",
                                "sudo apt-get update",
                                "sudo apt-get install python3-pip -y",
                                "pip install boto3",
                                "sudo apt-get update",
                                "sudo echo stage2=python installed | sudo tee -a /etc/environment",
								"sudo add-apt-repository -y ppa:ethereum/ethereum",
								"sudo apt-get update",
								"sudo apt-get install ethereum -y",
                                "sudo apt-get update",
                                "sudo echo stage3=geth installed | sudo tee -a /etc/environment",
								"sudo apt-get install awscli -y",
                                "sudo apt-get update",
                                "sudo echo stage4=aws cli installed | sudo tee -a /etc/environment"
                            ]
                        ]
                    }
                }
            }
        },
        "EATicketS3Bucket" : {
            "Type" : "AWS::S3::Bucket",
            "Properties": {
                "BucketName": {
                    "Ref" : "EATicketS3BucketName"
                },
				"Tags": [
                    {
                        "Key": {
                            "Ref": "EATicketIdentifierTagName"
                        },
                        "Value": {
                            "Ref": "EATicketIdentifierTagValue"
                        }
                    }
                ]
            }       
        }
	},

    "Outputs" : 
    {
        "InstanceID" : {
            "Description" : "InstanceID of the EC2 Instance created",
            "Value" : { 
                "Ref" : "EATicketEC2Instance" 
            }
        }
    }
}