{"contracts\\eagleairlinesticket.sol":{"l":{"46":1,"50":89,"51":84,"55":151,"56":151,"57":151,"58":148,"59":148,"62":151,"63":148,"67":13,"68":6,"69":6,"70":3,"71":3,"72":3,"75":6,"77":10,"81":72,"82":72,"83":4,"84":1,"85":1,"88":72,"89":71,"93":226,"94":226,"95":788,"96":223,"97":223,"100":226,"101":223,"105":27,"112":26,"116":223,"117":223,"118":876,"119":223,"120":3,"121":3,"125":223,"126":220,"130":104,"131":104,"132":232,"133":1,"134":1,"137":104,"138":103,"142":180,"146":179,"150":70,"151":70,"152":1580,"153":69,"154":69,"157":70,"158":69,"162":69,"163":69,"164":1579,"165":68,"166":68,"169":69,"170":68,"174":68,"175":68,"176":1713,"178":1,"179":1,"182":68,"183":67,"189":3,"195":4,"201":3,"206":2,"212":4,"218":5,"223":21,"228":175,"229":175,"230":625,"231":175,"232":175,"235":175,"240":2,"245":3,"253":71,"254":71,"260":3,"261":16,"262":3,"264":13,"265":3,"270":10,"271":10,"272":880,"273":100,"274":25,"279":75,"280":75,"281":75,"290":103,"292":103,"299":13,"300":59,"301":13,"302":13,"303":13,"313":26,"314":91,"315":26,"316":26,"317":26,"328":179,"329":179,"330":123,"332":21,"335":179,"337":175,"343":175,"344":175,"345":175,"353":67,"354":67,"355":67,"356":67,"357":67,"358":67,"360":67,"362":1577,"363":1510,"365":67,"366":67,"367":67,"368":67,"370":67,"371":1,"374":66,"376":1,"379":65,"380":1,"383":64,"384":33,"386":1,"388":2,"390":28,"391":28,"392":1,"394":1,"396":1,"400":64,"401":64,"402":64,"403":64,"404":64,"405":64,"407":0,"411":531,"415":203,"416":203},"path":"C:\\Users\\sudhe\\OneDrive\\Projects\\IIT-M\\Capstone\\eagleairlinesticket\\hardhat\\contracts\\eagleairlinesticket.sol","s":{"1":89,"2":151,"3":151,"4":151,"5":151,"6":13,"7":6,"8":6,"9":3,"10":6,"11":72,"12":72,"13":4,"14":72,"15":226,"16":226,"17":788,"18":226,"19":27,"20":223,"21":223,"22":876,"23":223,"24":223,"25":104,"26":104,"27":232,"28":104,"29":180,"30":70,"31":70,"32":1580,"33":70,"34":69,"35":69,"36":1579,"37":69,"38":68,"39":68,"40":1713,"41":68,"42":3,"43":4,"44":3,"45":2,"46":4,"47":5,"48":21,"49":175,"50":175,"51":625,"52":175,"53":2,"54":3,"55":71,"56":71,"57":3,"58":16,"59":13,"60":10,"61":880,"62":100,"63":75,"64":75,"65":75,"66":103,"67":103,"68":13,"69":59,"70":13,"71":26,"72":91,"73":26,"74":179,"75":179,"76":56,"77":179,"78":175,"79":175,"80":175,"81":175,"82":67,"83":67,"84":67,"85":67,"86":67,"87":67,"88":67,"89":1577,"90":67,"91":1,"92":66,"93":1,"94":65,"95":1,"96":64,"97":31,"98":30,"99":28,"100":27,"101":26,"102":64,"103":64,"104":64,"105":64,"106":0,"107":531,"108":203,"109":203},"b":{"1":[84,5],"2":[148,3],"3":[148,3],"4":[6,7],"5":[3,0],"6":[3,3],"7":[1,3],"8":[71,1],"9":[223,565],"10":[223,3],"11":[26,1],"12":[1,12],"13":[12,2],"14":[2,2],"15":[2,2],"16":[2,7],"17":[223,653],"18":[3,220],"19":[220,3],"20":[1,231],"21":[103,1],"22":[179,1],"23":[35,21],"24":[21,123],"25":[69,1511],"26":[69,1],"27":[68,1511],"28":[68,1],"29":[1,1712],"30":[67,1],"31":[3,1],"32":[4,1],"33":[3,1],"34":[4,1],"35":[5,1],"36":[175,450],"37":[72,1],"38":[71,1],"39":[3,2],"40":[3,13],"41":[3,10],"42":[100,780],"43":[25,75],"44":[104,1],"45":[103,1],"46":[15,1],"47":[14,1],"48":[13,1],"49":[13,46],"50":[29,1],"51":[28,1],"52":[27,1],"53":[26,1],"54":[26,65],"55":[181,1],"56":[180,1],"57":[179,1],"58":[123,56],"59":[21,35],"60":[175,4],"61":[69,1],"62":[68,1],"63":[67,1],"64":[1510,67],"65":[1,66],"66":[0,1],"67":[1,65],"68":[0,1],"69":[1,64],"70":[0,1],"71":[33,31],"72":[1,30],"73":[2,28],"74":[1,27],"75":[1,26],"76":[1,25]},"f":{"1":1,"2":89,"3":151,"4":13,"5":72,"6":226,"7":27,"8":223,"9":104,"10":180,"11":70,"12":69,"13":68,"14":3,"15":4,"16":3,"17":2,"18":4,"19":5,"20":21,"21":175,"22":2,"23":3,"24":71,"25":3,"26":103,"27":13,"28":26,"29":179,"30":67,"31":531,"32":203},"fnMap":{"1":{"name":"constructor","line":45,"loc":{"start":{"line":45,"column":4},"end":{"line":47,"column":4}}},"2":{"name":"checkIfAdminUser","line":49,"loc":{"start":{"line":49,"column":4},"end":{"line":52,"column":4}}},"3":{"name":"checkIfOpsUser","line":54,"loc":{"start":{"line":54,"column":4},"end":{"line":64,"column":4}}},"4":{"name":"checkIfOpsOrAdminUser","line":66,"loc":{"start":{"line":66,"column":4},"end":{"line":78,"column":4}}},"5":{"name":"checkIfNewOpsUser","line":80,"loc":{"start":{"line":80,"column":4},"end":{"line":90,"column":4}}},"6":{"name":"checkIfValidFlight","line":92,"loc":{"start":{"line":92,"column":4},"end":{"line":102,"column":4}}},"7":{"name":"checkIfValidFlightStatus","line":104,"loc":{"start":{"line":104,"column":4},"end":{"line":113,"column":4}}},"8":{"name":"checkIfFlightNotCancelled","line":115,"loc":{"start":{"line":115,"column":4},"end":{"line":127,"column":4}}},"9":{"name":"checkIfScheduleAlreadyExists","line":129,"loc":{"start":{"line":129,"column":4},"end":{"line":139,"column":4}}},"10":{"name":"checkIfValidSeatCategory","line":141,"loc":{"start":{"line":141,"column":4},"end":{"line":147,"column":4}}},"11":{"name":"checkIfValidTicket","line":149,"loc":{"start":{"line":149,"column":4},"end":{"line":159,"column":4}}},"12":{"name":"checkIfUserBookedTicket","line":161,"loc":{"start":{"line":161,"column":4},"end":{"line":171,"column":4}}},"13":{"name":"checkIfTicketAlreadyCancelled","line":173,"loc":{"start":{"line":173,"column":4},"end":{"line":184,"column":4}}},"14":{"name":"getAdminUser","line":187,"loc":{"start":{"line":186,"column":4},"end":{"line":190,"column":4}}},"15":{"name":"getContractBalance","line":193,"loc":{"start":{"line":192,"column":4},"end":{"line":196,"column":4}}},"16":{"name":"getContractAddress","line":199,"loc":{"start":{"line":198,"column":4},"end":{"line":202,"column":4}}},"17":{"name":"getCurrentTimestamp","line":204,"loc":{"start":{"line":204,"column":4},"end":{"line":207,"column":4}}},"18":{"name":"getOpsUsers","line":210,"loc":{"start":{"line":209,"column":4},"end":{"line":213,"column":4}}},"19":{"name":"getOpsUsersCount","line":216,"loc":{"start":{"line":215,"column":4},"end":{"line":219,"column":4}}},"20":{"name":"getFlightSchedules","line":221,"loc":{"start":{"line":221,"column":4},"end":{"line":224,"column":4}}},"21":{"name":"getFlightIndex","line":226,"loc":{"start":{"line":226,"column":4},"end":{"line":236,"column":4}}},"22":{"name":"getSeatCategories","line":238,"loc":{"start":{"line":238,"column":4},"end":{"line":241,"column":4}}},"23":{"name":"getTicketFares","line":243,"loc":{"start":{"line":243,"column":4},"end":{"line":248,"column":4}}},"24":{"name":"addOperator","line":252,"loc":{"start":{"line":250,"column":4},"end":{"line":255,"column":4}}},"25":{"name":"initiateSettlementAndArchiveCompletedFlights","line":258,"loc":{"start":{"line":257,"column":4},"end":{"line":285,"column":4}}},"26":{"name":"createSchedule","line":289,"loc":{"start":{"line":287,"column":4},"end":{"line":293,"column":4}}},"27":{"name":"cancelSchedule","line":298,"loc":{"start":{"line":295,"column":4},"end":{"line":306,"column":4}}},"28":{"name":"updateSchedule","line":312,"loc":{"start":{"line":308,"column":4},"end":{"line":320,"column":4}}},"29":{"name":"bookTicket","line":325,"loc":{"start":{"line":322,"column":4},"end":{"line":346,"column":4}}},"30":{"name":"cancelTicket","line":351,"loc":{"start":{"line":348,"column":4},"end":{"line":408,"column":4}}},"31":{"name":"emitEvent","line":410,"loc":{"start":{"line":410,"column":4},"end":{"line":412,"column":4}}},"32":{"name":"processPayment","line":414,"loc":{"start":{"line":414,"column":3},"end":{"line":418,"column":3}}}},"statementMap":{"1":{"start":{"line":50,"column":8},"end":{"line":50,"column":50}},"2":{"start":{"line":55,"column":8},"end":{"line":55,"column":30}},"3":{"start":{"line":56,"column":8},"end":{"line":56,"column":1720}},"4":{"start":{"line":57,"column":12},"end":{"line":57,"column":1778}},"5":{"start":{"line":62,"column":8},"end":{"line":62,"column":47}},"6":{"start":{"line":67,"column":8},"end":{"line":67,"column":2021}},"7":{"start":{"line":68,"column":12},"end":{"line":68,"column":34}},"8":{"start":{"line":69,"column":12},"end":{"line":69,"column":2098}},"9":{"start":{"line":70,"column":16},"end":{"line":70,"column":2160}},"10":{"start":{"line":75,"column":12},"end":{"line":75,"column":57}},"11":{"start":{"line":81,"column":8},"end":{"line":81,"column":30}},"12":{"start":{"line":82,"column":8},"end":{"line":82,"column":2463}},"13":{"start":{"line":83,"column":12},"end":{"line":83,"column":2521}},"14":{"start":{"line":88,"column":8},"end":{"line":88,"column":50}},"15":{"start":{"line":93,"column":8},"end":{"line":93,"column":32}},"16":{"start":{"line":94,"column":8},"end":{"line":94,"column":2798}},"17":{"start":{"line":95,"column":12},"end":{"line":95,"column":2855}},"18":{"start":{"line":100,"column":8},"end":{"line":100,"column":54}},"19":{"start":{"line":105,"column":8},"end":{"line":105,"column":3155}},"20":{"start":{"line":116,"column":8},"end":{"line":116,"column":36}},"21":{"start":{"line":117,"column":8},"end":{"line":117,"column":3698}},"22":{"start":{"line":118,"column":12},"end":{"line":118,"column":3755}},"23":{"start":{"line":119,"column":16},"end":{"line":119,"column":3818}},"24":{"start":{"line":125,"column":8},"end":{"line":125,"column":66}},"25":{"start":{"line":130,"column":8},"end":{"line":130,"column":32}},"26":{"start":{"line":131,"column":8},"end":{"line":131,"column":4189}},"27":{"start":{"line":132,"column":12},"end":{"line":132,"column":4246}},"28":{"start":{"line":137,"column":8},"end":{"line":137,"column":54}},"29":{"start":{"line":142,"column":8},"end":{"line":142,"column":4551}},"30":{"start":{"line":150,"column":8},"end":{"line":150,"column":32}},"31":{"start":{"line":151,"column":8},"end":{"line":151,"column":4873}},"32":{"start":{"line":152,"column":12},"end":{"line":152,"column":4930}},"33":{"start":{"line":157,"column":8},"end":{"line":157,"column":54}},"34":{"start":{"line":162,"column":8},"end":{"line":162,"column":35}},"35":{"start":{"line":163,"column":8},"end":{"line":163,"column":5250}},"36":{"start":{"line":164,"column":12},"end":{"line":164,"column":5307}},"37":{"start":{"line":169,"column":8},"end":{"line":169,"column":62}},"38":{"start":{"line":174,"column":8},"end":{"line":174,"column":37}},"39":{"start":{"line":175,"column":8},"end":{"line":175,"column":5661}},"40":{"start":{"line":176,"column":12},"end":{"line":176,"column":5718}},"41":{"start":{"line":182,"column":8},"end":{"line":182,"column":67}},"42":{"start":{"line":189,"column":8},"end":{"line":189,"column":25}},"43":{"start":{"line":195,"column":8},"end":{"line":195,"column":36}},"44":{"start":{"line":201,"column":8},"end":{"line":201,"column":28}},"45":{"start":{"line":206,"column":8},"end":{"line":206,"column":30}},"46":{"start":{"line":212,"column":8},"end":{"line":212,"column":24}},"47":{"start":{"line":218,"column":8},"end":{"line":218,"column":31}},"48":{"start":{"line":223,"column":8},"end":{"line":223,"column":23}},"49":{"start":{"line":228,"column":2},"end":{"line":228,"column":16}},"50":{"start":{"line":229,"column":8},"end":{"line":229,"column":7149}},"51":{"start":{"line":230,"column":12},"end":{"line":230,"column":7211}},"52":{"start":{"line":235,"column":8},"end":{"line":235,"column":20}},"53":{"start":{"line":240,"column":8},"end":{"line":240,"column":46}},"54":{"start":{"line":245,"column":8},"end":{"line":245,"column":7615}},"55":{"start":{"line":253,"column":8},"end":{"line":253,"column":37}},"56":{"start":{"line":254,"column":8},"end":{"line":254,"column":54}},"57":{"start":{"line":260,"column":8},"end":{"line":260,"column":8103}},"58":{"start":{"line":261,"column":12},"end":{"line":261,"column":8160}},"59":{"start":{"line":264,"column":12},"end":{"line":264,"column":8282}},"60":{"start":{"line":271,"column":12},"end":{"line":271,"column":8694}},"61":{"start":{"line":272,"column":16},"end":{"line":272,"column":8755}},"62":{"start":{"line":273,"column":20},"end":{"line":273,"column":8835}},"63":{"start":{"line":279,"column":20},"end":{"line":279,"column":70}},"64":{"start":{"line":280,"column":20},"end":{"line":280,"column":82}},"65":{"start":{"line":281,"column":20},"end":{"line":281,"column":83}},"66":{"start":{"line":290,"column":8},"end":{"line":290,"column":9689}},"67":{"start":{"line":292,"column":8},"end":{"line":292,"column":58}},"68":{"start":{"line":299,"column":8},"end":{"line":299,"column":10025}},"69":{"start":{"line":300,"column":12},"end":{"line":300,"column":10083}},"70":{"start":{"line":302,"column":16},"end":{"line":302,"column":68}},"71":{"start":{"line":313,"column":8},"end":{"line":313,"column":10579}},"72":{"start":{"line":314,"column":12},"end":{"line":314,"column":10635}},"73":{"start":{"line":316,"column":16},"end":{"line":316,"column":74}},"74":{"start":{"line":328,"column":8},"end":{"line":328,"column":38}},"75":{"start":{"line":329,"column":8},"end":{"line":329,"column":11171}},"76":{"start":{"line":331,"column":15},"end":{"line":331,"column":11286}},"77":{"start":{"line":335,"column":8},"end":{"line":335,"column":70}},"78":{"start":{"line":337,"column":8},"end":{"line":337,"column":11555}},"79":{"start":{"line":343,"column":8},"end":{"line":343,"column":31}},"80":{"start":{"line":344,"column":8},"end":{"line":344,"column":66}},"81":{"start":{"line":345,"column":8},"end":{"line":345,"column":24}},"82":{"start":{"line":353,"column":8},"end":{"line":353,"column":25}},"83":{"start":{"line":354,"column":8},"end":{"line":354,"column":28}},"84":{"start":{"line":355,"column":8},"end":{"line":355,"column":24}},"85":{"start":{"line":356,"column":8},"end":{"line":356,"column":23}},"86":{"start":{"line":357,"column":8},"end":{"line":357,"column":25}},"87":{"start":{"line":358,"column":8},"end":{"line":358,"column":23}},"88":{"start":{"line":360,"column":8},"end":{"line":360,"column":12492}},"89":{"start":{"line":362,"column":12},"end":{"line":362,"column":12563}},"90":{"start":{"line":370,"column":12},"end":{"line":370,"column":12863}},"91":{"start":{"line":371,"column":16},"end":{"line":371,"column":65}},"92":{"start":{"line":374,"column":12},"end":{"line":374,"column":13009}},"93":{"start":{"line":376,"column":16},"end":{"line":376,"column":81}},"94":{"start":{"line":379,"column":12},"end":{"line":379,"column":13229}},"95":{"start":{"line":380,"column":16},"end":{"line":380,"column":70}},"96":{"start":{"line":383,"column":12},"end":{"line":383,"column":13385}},"97":{"start":{"line":385,"column":18},"end":{"line":385,"column":13527}},"98":{"start":{"line":387,"column":18},"end":{"line":387,"column":13668}},"99":{"start":{"line":391,"column":16},"end":{"line":391,"column":13874}},"100":{"start":{"line":393,"column":22},"end":{"line":393,"column":14038}},"101":{"start":{"line":395,"column":22},"end":{"line":395,"column":14202}},"102":{"start":{"line":401,"column":12},"end":{"line":401,"column":58}},"103":{"start":{"line":402,"column":12},"end":{"line":402,"column":54}},"104":{"start":{"line":404,"column":12},"end":{"line":404,"column":75}},"105":{"start":{"line":405,"column":12},"end":{"line":405,"column":23}},"106":{"start":{"line":407,"column":8},"end":{"line":407,"column":20}},"107":{"start":{"line":411,"column":8},"end":{"line":411,"column":70}},"108":{"start":{"line":415,"column":8},"end":{"line":415,"column":88}},"109":{"start":{"line":416,"column":8},"end":{"line":416,"column":15180}}},"branchMap":{"1":{"line":50,"type":"if","locations":[{"start":{"line":50,"column":8},"end":{"line":50,"column":8}},{"start":{"line":50,"column":8},"end":{"line":50,"column":8}}]},"2":{"line":57,"type":"if","locations":[{"start":{"line":57,"column":12},"end":{"line":57,"column":12}},{"start":{"line":57,"column":12},"end":{"line":57,"column":12}}]},"3":{"line":62,"type":"if","locations":[{"start":{"line":62,"column":8},"end":{"line":62,"column":8}},{"start":{"line":62,"column":8},"end":{"line":62,"column":8}}]},"4":{"line":67,"type":"if","locations":[{"start":{"line":67,"column":8},"end":{"line":67,"column":8}},{"start":{"line":67,"column":8},"end":{"line":67,"column":8}}]},"5":{"line":70,"type":"if","locations":[{"start":{"line":70,"column":16},"end":{"line":70,"column":16}},{"start":{"line":70,"column":16},"end":{"line":70,"column":16}}]},"6":{"line":75,"type":"if","locations":[{"start":{"line":75,"column":12},"end":{"line":75,"column":12}},{"start":{"line":75,"column":12},"end":{"line":75,"column":12}}]},"7":{"line":83,"type":"if","locations":[{"start":{"line":83,"column":12},"end":{"line":83,"column":12}},{"start":{"line":83,"column":12},"end":{"line":83,"column":12}}]},"8":{"line":88,"type":"if","locations":[{"start":{"line":88,"column":8},"end":{"line":88,"column":8}},{"start":{"line":88,"column":8},"end":{"line":88,"column":8}}]},"9":{"line":95,"type":"if","locations":[{"start":{"line":95,"column":12},"end":{"line":95,"column":12}},{"start":{"line":95,"column":12},"end":{"line":95,"column":12}}]},"10":{"line":100,"type":"if","locations":[{"start":{"line":100,"column":8},"end":{"line":100,"column":8}},{"start":{"line":100,"column":8},"end":{"line":100,"column":8}}]},"11":{"line":105,"type":"if","locations":[{"start":{"line":105,"column":8},"end":{"line":105,"column":8}},{"start":{"line":105,"column":8},"end":{"line":105,"column":8}}]},"12":{"line":105,"type":"cond-expr","locations":[{"start":{"line":105,"column":18},"end":{"line":105,"column":63}},{"start":{"line":106,"column":13},"end":{"line":106,"column":56}}]},"13":{"line":105,"type":"cond-expr","locations":[{"start":{"line":105,"column":18},"end":{"line":106,"column":56}},{"start":{"line":107,"column":13},"end":{"line":107,"column":64}}]},"14":{"line":105,"type":"cond-expr","locations":[{"start":{"line":105,"column":18},"end":{"line":107,"column":64}},{"start":{"line":108,"column":13},"end":{"line":108,"column":64}}]},"15":{"line":105,"type":"cond-expr","locations":[{"start":{"line":105,"column":18},"end":{"line":108,"column":64}},{"start":{"line":109,"column":13},"end":{"line":109,"column":74}}]},"16":{"line":105,"type":"cond-expr","locations":[{"start":{"line":105,"column":18},"end":{"line":109,"column":74}},{"start":{"line":110,"column":13},"end":{"line":110,"column":58}}]},"17":{"line":118,"type":"if","locations":[{"start":{"line":118,"column":12},"end":{"line":118,"column":12}},{"start":{"line":118,"column":12},"end":{"line":118,"column":12}}]},"18":{"line":119,"type":"if","locations":[{"start":{"line":119,"column":16},"end":{"line":119,"column":16}},{"start":{"line":119,"column":16},"end":{"line":119,"column":16}}]},"19":{"line":125,"type":"if","locations":[{"start":{"line":125,"column":8},"end":{"line":125,"column":8}},{"start":{"line":125,"column":8},"end":{"line":125,"column":8}}]},"20":{"line":132,"type":"if","locations":[{"start":{"line":132,"column":12},"end":{"line":132,"column":12}},{"start":{"line":132,"column":12},"end":{"line":132,"column":12}}]},"21":{"line":137,"type":"if","locations":[{"start":{"line":137,"column":8},"end":{"line":137,"column":8}},{"start":{"line":137,"column":8},"end":{"line":137,"column":8}}]},"22":{"line":142,"type":"if","locations":[{"start":{"line":142,"column":8},"end":{"line":142,"column":8}},{"start":{"line":142,"column":8},"end":{"line":142,"column":8}}]},"23":{"line":142,"type":"cond-expr","locations":[{"start":{"line":142,"column":18},"end":{"line":142,"column":61}},{"start":{"line":143,"column":18},"end":{"line":143,"column":62}}]},"24":{"line":142,"type":"cond-expr","locations":[{"start":{"line":142,"column":18},"end":{"line":143,"column":62}},{"start":{"line":144,"column":18},"end":{"line":144,"column":64}}]},"25":{"line":152,"type":"if","locations":[{"start":{"line":152,"column":12},"end":{"line":152,"column":12}},{"start":{"line":152,"column":12},"end":{"line":152,"column":12}}]},"26":{"line":157,"type":"if","locations":[{"start":{"line":157,"column":8},"end":{"line":157,"column":8}},{"start":{"line":157,"column":8},"end":{"line":157,"column":8}}]},"27":{"line":164,"type":"if","locations":[{"start":{"line":164,"column":12},"end":{"line":164,"column":12}},{"start":{"line":164,"column":12},"end":{"line":164,"column":12}}]},"28":{"line":169,"type":"if","locations":[{"start":{"line":169,"column":8},"end":{"line":169,"column":8}},{"start":{"line":169,"column":8},"end":{"line":169,"column":8}}]},"29":{"line":176,"type":"if","locations":[{"start":{"line":176,"column":12},"end":{"line":176,"column":12}},{"start":{"line":176,"column":12},"end":{"line":176,"column":12}}]},"30":{"line":182,"type":"if","locations":[{"start":{"line":182,"column":8},"end":{"line":182,"column":8}},{"start":{"line":182,"column":8},"end":{"line":182,"column":8}}]},"31":{"line":187,"type":"if","locations":[{"start":{"line":187,"column":8},"end":{"line":187,"column":8}},{"start":{"line":187,"column":8},"end":{"line":187,"column":8}}]},"32":{"line":193,"type":"if","locations":[{"start":{"line":193,"column":8},"end":{"line":193,"column":8}},{"start":{"line":193,"column":8},"end":{"line":193,"column":8}}]},"33":{"line":199,"type":"if","locations":[{"start":{"line":199,"column":8},"end":{"line":199,"column":8}},{"start":{"line":199,"column":8},"end":{"line":199,"column":8}}]},"34":{"line":210,"type":"if","locations":[{"start":{"line":210,"column":8},"end":{"line":210,"column":8}},{"start":{"line":210,"column":8},"end":{"line":210,"column":8}}]},"35":{"line":216,"type":"if","locations":[{"start":{"line":216,"column":8},"end":{"line":216,"column":8}},{"start":{"line":216,"column":8},"end":{"line":216,"column":8}}]},"36":{"line":230,"type":"if","locations":[{"start":{"line":230,"column":12},"end":{"line":230,"column":12}},{"start":{"line":230,"column":12},"end":{"line":230,"column":12}}]},"37":{"line":251,"type":"if","locations":[{"start":{"line":251,"column":8},"end":{"line":251,"column":8}},{"start":{"line":251,"column":8},"end":{"line":251,"column":8}}]},"38":{"line":252,"type":"if","locations":[{"start":{"line":252,"column":8},"end":{"line":252,"column":8}},{"start":{"line":252,"column":8},"end":{"line":252,"column":8}}]},"39":{"line":258,"type":"if","locations":[{"start":{"line":258,"column":8},"end":{"line":258,"column":8}},{"start":{"line":258,"column":8},"end":{"line":258,"column":8}}]},"40":{"line":261,"type":"if","locations":[{"start":{"line":261,"column":12},"end":{"line":261,"column":12}},{"start":{"line":261,"column":12},"end":{"line":261,"column":12}}]},"41":{"line":264,"type":"if","locations":[{"start":{"line":264,"column":12},"end":{"line":264,"column":12}},{"start":{"line":264,"column":12},"end":{"line":264,"column":12}}]},"42":{"line":272,"type":"if","locations":[{"start":{"line":272,"column":16},"end":{"line":272,"column":16}},{"start":{"line":272,"column":16},"end":{"line":272,"column":16}}]},"43":{"line":273,"type":"if","locations":[{"start":{"line":273,"column":20},"end":{"line":273,"column":20}},{"start":{"line":273,"column":20},"end":{"line":273,"column":20}}]},"44":{"line":288,"type":"if","locations":[{"start":{"line":288,"column":8},"end":{"line":288,"column":8}},{"start":{"line":288,"column":8},"end":{"line":288,"column":8}}]},"45":{"line":289,"type":"if","locations":[{"start":{"line":289,"column":8},"end":{"line":289,"column":8}},{"start":{"line":289,"column":8},"end":{"line":289,"column":8}}]},"46":{"line":296,"type":"if","locations":[{"start":{"line":296,"column":8},"end":{"line":296,"column":8}},{"start":{"line":296,"column":8},"end":{"line":296,"column":8}}]},"47":{"line":297,"type":"if","locations":[{"start":{"line":297,"column":8},"end":{"line":297,"column":8}},{"start":{"line":297,"column":8},"end":{"line":297,"column":8}}]},"48":{"line":298,"type":"if","locations":[{"start":{"line":298,"column":8},"end":{"line":298,"column":8}},{"start":{"line":298,"column":8},"end":{"line":298,"column":8}}]},"49":{"line":300,"type":"if","locations":[{"start":{"line":300,"column":12},"end":{"line":300,"column":12}},{"start":{"line":300,"column":12},"end":{"line":300,"column":12}}]},"50":{"line":309,"type":"if","locations":[{"start":{"line":309,"column":8},"end":{"line":309,"column":8}},{"start":{"line":309,"column":8},"end":{"line":309,"column":8}}]},"51":{"line":310,"type":"if","locations":[{"start":{"line":310,"column":8},"end":{"line":310,"column":8}},{"start":{"line":310,"column":8},"end":{"line":310,"column":8}}]},"52":{"line":311,"type":"if","locations":[{"start":{"line":311,"column":8},"end":{"line":311,"column":8}},{"start":{"line":311,"column":8},"end":{"line":311,"column":8}}]},"53":{"line":312,"type":"if","locations":[{"start":{"line":312,"column":8},"end":{"line":312,"column":8}},{"start":{"line":312,"column":8},"end":{"line":312,"column":8}}]},"54":{"line":314,"type":"if","locations":[{"start":{"line":314,"column":12},"end":{"line":314,"column":12}},{"start":{"line":314,"column":12},"end":{"line":314,"column":12}}]},"55":{"line":323,"type":"if","locations":[{"start":{"line":323,"column":8},"end":{"line":323,"column":8}},{"start":{"line":323,"column":8},"end":{"line":323,"column":8}}]},"56":{"line":324,"type":"if","locations":[{"start":{"line":324,"column":8},"end":{"line":324,"column":8}},{"start":{"line":324,"column":8},"end":{"line":324,"column":8}}]},"57":{"line":325,"type":"if","locations":[{"start":{"line":325,"column":8},"end":{"line":325,"column":8}},{"start":{"line":325,"column":8},"end":{"line":325,"column":8}}]},"58":{"line":329,"type":"if","locations":[{"start":{"line":329,"column":8},"end":{"line":329,"column":8}},{"start":{"line":329,"column":8},"end":{"line":329,"column":8}}]},"59":{"line":331,"type":"if","locations":[{"start":{"line":331,"column":15},"end":{"line":331,"column":15}},{"start":{"line":331,"column":15},"end":{"line":331,"column":15}}]},"60":{"line":335,"type":"if","locations":[{"start":{"line":335,"column":8},"end":{"line":335,"column":8}},{"start":{"line":335,"column":8},"end":{"line":335,"column":8}}]},"61":{"line":349,"type":"if","locations":[{"start":{"line":349,"column":8},"end":{"line":349,"column":8}},{"start":{"line":349,"column":8},"end":{"line":349,"column":8}}]},"62":{"line":350,"type":"if","locations":[{"start":{"line":350,"column":8},"end":{"line":350,"column":8}},{"start":{"line":350,"column":8},"end":{"line":350,"column":8}}]},"63":{"line":351,"type":"if","locations":[{"start":{"line":351,"column":8},"end":{"line":351,"column":8}},{"start":{"line":351,"column":8},"end":{"line":351,"column":8}}]},"64":{"line":362,"type":"if","locations":[{"start":{"line":362,"column":12},"end":{"line":362,"column":12}},{"start":{"line":362,"column":12},"end":{"line":362,"column":12}}]},"65":{"line":370,"type":"if","locations":[{"start":{"line":370,"column":12},"end":{"line":370,"column":12}},{"start":{"line":370,"column":12},"end":{"line":370,"column":12}}]},"66":{"line":371,"type":"if","locations":[{"start":{"line":371,"column":16},"end":{"line":371,"column":16}},{"start":{"line":371,"column":16},"end":{"line":371,"column":16}}]},"67":{"line":374,"type":"if","locations":[{"start":{"line":374,"column":12},"end":{"line":374,"column":12}},{"start":{"line":374,"column":12},"end":{"line":374,"column":12}}]},"68":{"line":376,"type":"if","locations":[{"start":{"line":376,"column":16},"end":{"line":376,"column":16}},{"start":{"line":376,"column":16},"end":{"line":376,"column":16}}]},"69":{"line":379,"type":"if","locations":[{"start":{"line":379,"column":12},"end":{"line":379,"column":12}},{"start":{"line":379,"column":12},"end":{"line":379,"column":12}}]},"70":{"line":380,"type":"if","locations":[{"start":{"line":380,"column":16},"end":{"line":380,"column":16}},{"start":{"line":380,"column":16},"end":{"line":380,"column":16}}]},"71":{"line":383,"type":"if","locations":[{"start":{"line":383,"column":12},"end":{"line":383,"column":12}},{"start":{"line":383,"column":12},"end":{"line":383,"column":12}}]},"72":{"line":385,"type":"if","locations":[{"start":{"line":385,"column":18},"end":{"line":385,"column":18}},{"start":{"line":385,"column":18},"end":{"line":385,"column":18}}]},"73":{"line":387,"type":"if","locations":[{"start":{"line":387,"column":18},"end":{"line":387,"column":18}},{"start":{"line":387,"column":18},"end":{"line":387,"column":18}}]},"74":{"line":391,"type":"if","locations":[{"start":{"line":391,"column":16},"end":{"line":391,"column":16}},{"start":{"line":391,"column":16},"end":{"line":391,"column":16}}]},"75":{"line":393,"type":"if","locations":[{"start":{"line":393,"column":22},"end":{"line":393,"column":22}},{"start":{"line":393,"column":22},"end":{"line":393,"column":22}}]},"76":{"line":395,"type":"if","locations":[{"start":{"line":395,"column":22},"end":{"line":395,"column":22}},{"start":{"line":395,"column":22},"end":{"line":395,"column":22}}]}}}}