{"contracts\\eagleairlinesticket.sol":{"l":{"46":1,"50":89,"51":84,"55":114,"56":114,"57":114,"58":111,"59":111,"62":114,"63":111,"67":12,"68":6,"69":6,"70":3,"71":3,"72":3,"75":6,"77":9,"81":73,"82":73,"83":4,"84":1,"85":1,"88":73,"89":72,"93":24,"94":21,"98":109,"99":109,"100":187,"101":106,"102":106,"105":109,"106":106,"110":20,"117":19,"121":106,"122":106,"123":205,"124":106,"125":3,"126":3,"130":106,"131":103,"135":79,"136":79,"137":57,"138":1,"139":1,"142":79,"143":78,"147":75,"151":74,"155":34,"156":34,"157":112,"158":33,"159":33,"162":34,"163":33,"167":33,"168":33,"169":111,"170":32,"171":32,"174":33,"175":32,"179":32,"180":32,"181":140,"183":1,"184":1,"187":32,"188":31,"194":3,"200":3,"206":3,"211":2,"217":4,"223":5,"229":16,"234":70,"235":70,"236":120,"237":70,"238":70,"241":70,"247":2,"253":3,"261":72,"262":72,"268":2,"269":5,"270":0,"272":5,"273":0,"278":5,"279":5,"280":125,"281":25,"282":4,"287":21,"288":21,"289":21,"298":78,"300":78,"307":8,"308":19,"309":8,"310":8,"311":8,"321":19,"322":35,"323":19,"324":19,"325":19,"336":74,"337":74,"338":38,"340":11,"343":74,"345":70,"351":70,"352":70,"353":70,"361":31,"362":31,"363":31,"364":31,"365":31,"366":31,"368":31,"370":109,"371":78,"373":31,"374":31,"375":31,"376":31,"378":31,"379":1,"382":30,"384":1,"387":29,"388":1,"391":28,"392":18,"394":1,"396":2,"398":7,"399":7,"400":1,"402":1,"404":1,"408":28,"409":28,"410":28,"411":28,"412":28,"413":28,"415":0,"419":245,"423":77,"424":77},"path":"C:\\Users\\sudhe\\OneDrive\\Projects\\IIT-M\\Capstone\\eagleairlinesticket\\hardhat\\contracts\\eagleairlinesticket.sol","s":{"1":89,"2":114,"3":114,"4":114,"5":114,"6":12,"7":6,"8":6,"9":3,"10":6,"11":73,"12":73,"13":4,"14":73,"15":24,"16":109,"17":109,"18":187,"19":109,"20":20,"21":106,"22":106,"23":205,"24":106,"25":106,"26":79,"27":79,"28":57,"29":79,"30":75,"31":34,"32":34,"33":112,"34":34,"35":33,"36":33,"37":111,"38":33,"39":32,"40":32,"41":140,"42":32,"43":3,"44":3,"45":3,"46":2,"47":4,"48":5,"49":16,"50":70,"51":70,"52":120,"53":70,"54":2,"55":3,"56":72,"57":72,"58":2,"59":5,"60":5,"61":5,"62":125,"63":25,"64":21,"65":21,"66":21,"67":78,"68":78,"69":8,"70":19,"71":8,"72":19,"73":35,"74":19,"75":74,"76":74,"77":36,"78":74,"79":70,"80":70,"81":70,"82":70,"83":31,"84":31,"85":31,"86":31,"87":31,"88":31,"89":31,"90":109,"91":31,"92":1,"93":30,"94":1,"95":29,"96":1,"97":28,"98":10,"99":9,"100":7,"101":6,"102":5,"103":28,"104":28,"105":28,"106":28,"107":0,"108":245,"109":77,"110":77},"b":{"1":[84,5],"2":[111,3],"3":[111,3],"4":[6,6],"5":[3,0],"6":[3,3],"7":[1,3],"8":[72,1],"9":[21,3],"10":[106,81],"11":[106,3],"12":[19,1],"13":[1,7],"14":[7,2],"15":[2,2],"16":[2,2],"17":[2,5],"18":[106,99],"19":[3,103],"20":[103,3],"21":[1,56],"22":[78,1],"23":[74,1],"24":[25,11],"25":[11,38],"26":[33,79],"27":[33,1],"28":[32,79],"29":[32,1],"30":[1,139],"31":[31,1],"32":[3,1],"33":[3,1],"34":[3,1],"35":[4,1],"36":[5,1],"37":[16,1],"38":[70,50],"39":[2,1],"40":[3,1],"41":[73,1],"42":[72,1],"43":[2,2],"44":[0,5],"45":[0,5],"46":[25,100],"47":[4,21],"48":[79,1],"49":[78,1],"50":[10,1],"51":[9,1],"52":[8,1],"53":[8,11],"54":[22,1],"55":[21,1],"56":[20,1],"57":[19,1],"58":[19,16],"59":[76,1],"60":[75,1],"61":[74,1],"62":[38,36],"63":[11,25],"64":[70,4],"65":[33,1],"66":[32,1],"67":[31,1],"68":[78,31],"69":[1,30],"70":[0,1],"71":[1,29],"72":[0,1],"73":[1,28],"74":[0,1],"75":[18,10],"76":[1,9],"77":[2,7],"78":[1,6],"79":[1,5],"80":[1,4]},"f":{"1":1,"2":89,"3":114,"4":12,"5":73,"6":24,"7":109,"8":20,"9":106,"10":79,"11":75,"12":34,"13":33,"14":32,"15":3,"16":3,"17":3,"18":2,"19":4,"20":5,"21":16,"22":70,"23":2,"24":3,"25":72,"26":2,"27":78,"28":8,"29":19,"30":74,"31":31,"32":245,"33":77},"fnMap":{"1":{"name":"constructor","line":45,"loc":{"start":{"line":45,"column":4},"end":{"line":47,"column":4}}},"2":{"name":"checkIfAdminUser","line":49,"loc":{"start":{"line":49,"column":4},"end":{"line":52,"column":4}}},"3":{"name":"checkIfOpsUser","line":54,"loc":{"start":{"line":54,"column":4},"end":{"line":64,"column":4}}},"4":{"name":"checkIfOpsOrAdminUser","line":66,"loc":{"start":{"line":66,"column":4},"end":{"line":78,"column":4}}},"5":{"name":"checkIfNewOpsUser","line":80,"loc":{"start":{"line":80,"column":4},"end":{"line":90,"column":4}}},"6":{"name":"checkIfOperationsStarted","line":92,"loc":{"start":{"line":92,"column":4},"end":{"line":95,"column":4}}},"7":{"name":"checkIfValidFlight","line":97,"loc":{"start":{"line":97,"column":4},"end":{"line":107,"column":4}}},"8":{"name":"checkIfValidFlightStatus","line":109,"loc":{"start":{"line":109,"column":4},"end":{"line":118,"column":4}}},"9":{"name":"checkIfFlightNotCancelled","line":120,"loc":{"start":{"line":120,"column":4},"end":{"line":132,"column":4}}},"10":{"name":"checkIfScheduleAlreadyExists","line":134,"loc":{"start":{"line":134,"column":4},"end":{"line":144,"column":4}}},"11":{"name":"checkIfValidSeatCategory","line":146,"loc":{"start":{"line":146,"column":4},"end":{"line":152,"column":4}}},"12":{"name":"checkIfValidTicket","line":154,"loc":{"start":{"line":154,"column":4},"end":{"line":164,"column":4}}},"13":{"name":"checkIfUserBookedTicket","line":166,"loc":{"start":{"line":166,"column":4},"end":{"line":176,"column":4}}},"14":{"name":"checkIfTicketAlreadyCancelled","line":178,"loc":{"start":{"line":178,"column":4},"end":{"line":189,"column":4}}},"15":{"name":"getAdminUser","line":192,"loc":{"start":{"line":191,"column":4},"end":{"line":195,"column":4}}},"16":{"name":"getContractBalance","line":198,"loc":{"start":{"line":197,"column":4},"end":{"line":201,"column":4}}},"17":{"name":"getContractAddress","line":204,"loc":{"start":{"line":203,"column":4},"end":{"line":207,"column":4}}},"18":{"name":"getCurrentTimestamp","line":209,"loc":{"start":{"line":209,"column":4},"end":{"line":212,"column":4}}},"19":{"name":"getOpsUsers","line":215,"loc":{"start":{"line":214,"column":4},"end":{"line":218,"column":4}}},"20":{"name":"getOpsUsersCount","line":221,"loc":{"start":{"line":220,"column":4},"end":{"line":224,"column":4}}},"21":{"name":"getFlightSchedules","line":227,"loc":{"start":{"line":226,"column":4},"end":{"line":230,"column":4}}},"22":{"name":"getFlightIndex","line":232,"loc":{"start":{"line":232,"column":4},"end":{"line":242,"column":4}}},"23":{"name":"getSeatCategories","line":245,"loc":{"start":{"line":244,"column":4},"end":{"line":248,"column":4}}},"24":{"name":"getTicketFares","line":251,"loc":{"start":{"line":250,"column":4},"end":{"line":256,"column":4}}},"25":{"name":"addOperator","line":260,"loc":{"start":{"line":258,"column":4},"end":{"line":263,"column":4}}},"26":{"name":"initiateSettlementAndArchiveCompletedFlights","line":266,"loc":{"start":{"line":265,"column":4},"end":{"line":293,"column":4}}},"27":{"name":"createSchedule","line":297,"loc":{"start":{"line":295,"column":4},"end":{"line":301,"column":4}}},"28":{"name":"cancelSchedule","line":306,"loc":{"start":{"line":303,"column":4},"end":{"line":314,"column":4}}},"29":{"name":"updateSchedule","line":320,"loc":{"start":{"line":316,"column":4},"end":{"line":328,"column":4}}},"30":{"name":"bookTicket","line":333,"loc":{"start":{"line":330,"column":4},"end":{"line":354,"column":4}}},"31":{"name":"cancelTicket","line":359,"loc":{"start":{"line":356,"column":4},"end":{"line":416,"column":4}}},"32":{"name":"emitEvent","line":418,"loc":{"start":{"line":418,"column":4},"end":{"line":420,"column":4}}},"33":{"name":"processPayment","line":422,"loc":{"start":{"line":422,"column":3},"end":{"line":426,"column":3}}}},"statementMap":{"1":{"start":{"line":50,"column":8},"end":{"line":50,"column":50}},"2":{"start":{"line":55,"column":8},"end":{"line":55,"column":30}},"3":{"start":{"line":56,"column":8},"end":{"line":56,"column":1710}},"4":{"start":{"line":57,"column":12},"end":{"line":57,"column":1768}},"5":{"start":{"line":62,"column":8},"end":{"line":62,"column":47}},"6":{"start":{"line":67,"column":8},"end":{"line":67,"column":2011}},"7":{"start":{"line":68,"column":12},"end":{"line":68,"column":34}},"8":{"start":{"line":69,"column":12},"end":{"line":69,"column":2088}},"9":{"start":{"line":70,"column":16},"end":{"line":70,"column":2150}},"10":{"start":{"line":75,"column":12},"end":{"line":75,"column":57}},"11":{"start":{"line":81,"column":8},"end":{"line":81,"column":30}},"12":{"start":{"line":82,"column":8},"end":{"line":82,"column":2453}},"13":{"start":{"line":83,"column":12},"end":{"line":83,"column":2511}},"14":{"start":{"line":88,"column":8},"end":{"line":88,"column":50}},"15":{"start":{"line":93,"column":8},"end":{"line":93,"column":58}},"16":{"start":{"line":98,"column":8},"end":{"line":98,"column":32}},"17":{"start":{"line":99,"column":8},"end":{"line":99,"column":2913}},"18":{"start":{"line":100,"column":12},"end":{"line":100,"column":2970}},"19":{"start":{"line":105,"column":8},"end":{"line":105,"column":54}},"20":{"start":{"line":110,"column":8},"end":{"line":110,"column":3270}},"21":{"start":{"line":121,"column":8},"end":{"line":121,"column":36}},"22":{"start":{"line":122,"column":8},"end":{"line":122,"column":3813}},"23":{"start":{"line":123,"column":12},"end":{"line":123,"column":3870}},"24":{"start":{"line":124,"column":16},"end":{"line":124,"column":3933}},"25":{"start":{"line":130,"column":8},"end":{"line":130,"column":66}},"26":{"start":{"line":135,"column":8},"end":{"line":135,"column":32}},"27":{"start":{"line":136,"column":8},"end":{"line":136,"column":4304}},"28":{"start":{"line":137,"column":12},"end":{"line":137,"column":4361}},"29":{"start":{"line":142,"column":8},"end":{"line":142,"column":54}},"30":{"start":{"line":147,"column":8},"end":{"line":147,"column":4666}},"31":{"start":{"line":155,"column":8},"end":{"line":155,"column":32}},"32":{"start":{"line":156,"column":8},"end":{"line":156,"column":4988}},"33":{"start":{"line":157,"column":12},"end":{"line":157,"column":5045}},"34":{"start":{"line":162,"column":8},"end":{"line":162,"column":54}},"35":{"start":{"line":167,"column":8},"end":{"line":167,"column":35}},"36":{"start":{"line":168,"column":8},"end":{"line":168,"column":5365}},"37":{"start":{"line":169,"column":12},"end":{"line":169,"column":5422}},"38":{"start":{"line":174,"column":8},"end":{"line":174,"column":62}},"39":{"start":{"line":179,"column":8},"end":{"line":179,"column":37}},"40":{"start":{"line":180,"column":8},"end":{"line":180,"column":5776}},"41":{"start":{"line":181,"column":12},"end":{"line":181,"column":5833}},"42":{"start":{"line":187,"column":8},"end":{"line":187,"column":67}},"43":{"start":{"line":194,"column":8},"end":{"line":194,"column":25}},"44":{"start":{"line":200,"column":8},"end":{"line":200,"column":36}},"45":{"start":{"line":206,"column":8},"end":{"line":206,"column":28}},"46":{"start":{"line":211,"column":8},"end":{"line":211,"column":30}},"47":{"start":{"line":217,"column":8},"end":{"line":217,"column":24}},"48":{"start":{"line":223,"column":8},"end":{"line":223,"column":31}},"49":{"start":{"line":229,"column":8},"end":{"line":229,"column":23}},"50":{"start":{"line":234,"column":2},"end":{"line":234,"column":16}},"51":{"start":{"line":235,"column":8},"end":{"line":235,"column":7301}},"52":{"start":{"line":236,"column":12},"end":{"line":236,"column":7363}},"53":{"start":{"line":241,"column":8},"end":{"line":241,"column":20}},"54":{"start":{"line":247,"column":8},"end":{"line":247,"column":46}},"55":{"start":{"line":253,"column":8},"end":{"line":253,"column":7841}},"56":{"start":{"line":261,"column":8},"end":{"line":261,"column":37}},"57":{"start":{"line":262,"column":8},"end":{"line":262,"column":54}},"58":{"start":{"line":268,"column":8},"end":{"line":268,"column":8336}},"59":{"start":{"line":269,"column":12},"end":{"line":269,"column":8393}},"60":{"start":{"line":272,"column":12},"end":{"line":272,"column":8515}},"61":{"start":{"line":279,"column":12},"end":{"line":279,"column":8927}},"62":{"start":{"line":280,"column":16},"end":{"line":280,"column":8988}},"63":{"start":{"line":281,"column":20},"end":{"line":281,"column":9068}},"64":{"start":{"line":287,"column":20},"end":{"line":287,"column":70}},"65":{"start":{"line":288,"column":20},"end":{"line":288,"column":82}},"66":{"start":{"line":289,"column":20},"end":{"line":289,"column":83}},"67":{"start":{"line":298,"column":8},"end":{"line":298,"column":9922}},"68":{"start":{"line":300,"column":8},"end":{"line":300,"column":58}},"69":{"start":{"line":307,"column":8},"end":{"line":307,"column":10258}},"70":{"start":{"line":308,"column":12},"end":{"line":308,"column":10316}},"71":{"start":{"line":310,"column":16},"end":{"line":310,"column":68}},"72":{"start":{"line":321,"column":8},"end":{"line":321,"column":10812}},"73":{"start":{"line":322,"column":12},"end":{"line":322,"column":10868}},"74":{"start":{"line":324,"column":16},"end":{"line":324,"column":74}},"75":{"start":{"line":336,"column":8},"end":{"line":336,"column":38}},"76":{"start":{"line":337,"column":8},"end":{"line":337,"column":11404}},"77":{"start":{"line":339,"column":15},"end":{"line":339,"column":11519}},"78":{"start":{"line":343,"column":8},"end":{"line":343,"column":70}},"79":{"start":{"line":345,"column":8},"end":{"line":345,"column":11788}},"80":{"start":{"line":351,"column":8},"end":{"line":351,"column":31}},"81":{"start":{"line":352,"column":8},"end":{"line":352,"column":66}},"82":{"start":{"line":353,"column":8},"end":{"line":353,"column":24}},"83":{"start":{"line":361,"column":8},"end":{"line":361,"column":25}},"84":{"start":{"line":362,"column":8},"end":{"line":362,"column":28}},"85":{"start":{"line":363,"column":8},"end":{"line":363,"column":24}},"86":{"start":{"line":364,"column":8},"end":{"line":364,"column":23}},"87":{"start":{"line":365,"column":8},"end":{"line":365,"column":25}},"88":{"start":{"line":366,"column":8},"end":{"line":366,"column":23}},"89":{"start":{"line":368,"column":8},"end":{"line":368,"column":12732}},"90":{"start":{"line":370,"column":12},"end":{"line":370,"column":12803}},"91":{"start":{"line":378,"column":12},"end":{"line":378,"column":13103}},"92":{"start":{"line":379,"column":16},"end":{"line":379,"column":65}},"93":{"start":{"line":382,"column":12},"end":{"line":382,"column":13249}},"94":{"start":{"line":384,"column":16},"end":{"line":384,"column":81}},"95":{"start":{"line":387,"column":12},"end":{"line":387,"column":13469}},"96":{"start":{"line":388,"column":16},"end":{"line":388,"column":70}},"97":{"start":{"line":391,"column":12},"end":{"line":391,"column":13625}},"98":{"start":{"line":393,"column":18},"end":{"line":393,"column":13767}},"99":{"start":{"line":395,"column":18},"end":{"line":395,"column":13908}},"100":{"start":{"line":399,"column":16},"end":{"line":399,"column":14114}},"101":{"start":{"line":401,"column":22},"end":{"line":401,"column":14278}},"102":{"start":{"line":403,"column":22},"end":{"line":403,"column":14442}},"103":{"start":{"line":409,"column":12},"end":{"line":409,"column":58}},"104":{"start":{"line":410,"column":12},"end":{"line":410,"column":54}},"105":{"start":{"line":412,"column":12},"end":{"line":412,"column":75}},"106":{"start":{"line":413,"column":12},"end":{"line":413,"column":23}},"107":{"start":{"line":415,"column":8},"end":{"line":415,"column":20}},"108":{"start":{"line":419,"column":8},"end":{"line":419,"column":70}},"109":{"start":{"line":423,"column":8},"end":{"line":423,"column":88}},"110":{"start":{"line":424,"column":8},"end":{"line":424,"column":15420}}},"branchMap":{"1":{"line":50,"type":"if","locations":[{"start":{"line":50,"column":8},"end":{"line":50,"column":8}},{"start":{"line":50,"column":8},"end":{"line":50,"column":8}}]},"2":{"line":57,"type":"if","locations":[{"start":{"line":57,"column":12},"end":{"line":57,"column":12}},{"start":{"line":57,"column":12},"end":{"line":57,"column":12}}]},"3":{"line":62,"type":"if","locations":[{"start":{"line":62,"column":8},"end":{"line":62,"column":8}},{"start":{"line":62,"column":8},"end":{"line":62,"column":8}}]},"4":{"line":67,"type":"if","locations":[{"start":{"line":67,"column":8},"end":{"line":67,"column":8}},{"start":{"line":67,"column":8},"end":{"line":67,"column":8}}]},"5":{"line":70,"type":"if","locations":[{"start":{"line":70,"column":16},"end":{"line":70,"column":16}},{"start":{"line":70,"column":16},"end":{"line":70,"column":16}}]},"6":{"line":75,"type":"if","locations":[{"start":{"line":75,"column":12},"end":{"line":75,"column":12}},{"start":{"line":75,"column":12},"end":{"line":75,"column":12}}]},"7":{"line":83,"type":"if","locations":[{"start":{"line":83,"column":12},"end":{"line":83,"column":12}},{"start":{"line":83,"column":12},"end":{"line":83,"column":12}}]},"8":{"line":88,"type":"if","locations":[{"start":{"line":88,"column":8},"end":{"line":88,"column":8}},{"start":{"line":88,"column":8},"end":{"line":88,"column":8}}]},"9":{"line":93,"type":"if","locations":[{"start":{"line":93,"column":8},"end":{"line":93,"column":8}},{"start":{"line":93,"column":8},"end":{"line":93,"column":8}}]},"10":{"line":100,"type":"if","locations":[{"start":{"line":100,"column":12},"end":{"line":100,"column":12}},{"start":{"line":100,"column":12},"end":{"line":100,"column":12}}]},"11":{"line":105,"type":"if","locations":[{"start":{"line":105,"column":8},"end":{"line":105,"column":8}},{"start":{"line":105,"column":8},"end":{"line":105,"column":8}}]},"12":{"line":110,"type":"if","locations":[{"start":{"line":110,"column":8},"end":{"line":110,"column":8}},{"start":{"line":110,"column":8},"end":{"line":110,"column":8}}]},"13":{"line":110,"type":"cond-expr","locations":[{"start":{"line":110,"column":18},"end":{"line":110,"column":63}},{"start":{"line":111,"column":13},"end":{"line":111,"column":56}}]},"14":{"line":110,"type":"cond-expr","locations":[{"start":{"line":110,"column":18},"end":{"line":111,"column":56}},{"start":{"line":112,"column":13},"end":{"line":112,"column":64}}]},"15":{"line":110,"type":"cond-expr","locations":[{"start":{"line":110,"column":18},"end":{"line":112,"column":64}},{"start":{"line":113,"column":13},"end":{"line":113,"column":64}}]},"16":{"line":110,"type":"cond-expr","locations":[{"start":{"line":110,"column":18},"end":{"line":113,"column":64}},{"start":{"line":114,"column":13},"end":{"line":114,"column":74}}]},"17":{"line":110,"type":"cond-expr","locations":[{"start":{"line":110,"column":18},"end":{"line":114,"column":74}},{"start":{"line":115,"column":13},"end":{"line":115,"column":58}}]},"18":{"line":123,"type":"if","locations":[{"start":{"line":123,"column":12},"end":{"line":123,"column":12}},{"start":{"line":123,"column":12},"end":{"line":123,"column":12}}]},"19":{"line":124,"type":"if","locations":[{"start":{"line":124,"column":16},"end":{"line":124,"column":16}},{"start":{"line":124,"column":16},"end":{"line":124,"column":16}}]},"20":{"line":130,"type":"if","locations":[{"start":{"line":130,"column":8},"end":{"line":130,"column":8}},{"start":{"line":130,"column":8},"end":{"line":130,"column":8}}]},"21":{"line":137,"type":"if","locations":[{"start":{"line":137,"column":12},"end":{"line":137,"column":12}},{"start":{"line":137,"column":12},"end":{"line":137,"column":12}}]},"22":{"line":142,"type":"if","locations":[{"start":{"line":142,"column":8},"end":{"line":142,"column":8}},{"start":{"line":142,"column":8},"end":{"line":142,"column":8}}]},"23":{"line":147,"type":"if","locations":[{"start":{"line":147,"column":8},"end":{"line":147,"column":8}},{"start":{"line":147,"column":8},"end":{"line":147,"column":8}}]},"24":{"line":147,"type":"cond-expr","locations":[{"start":{"line":147,"column":18},"end":{"line":147,"column":61}},{"start":{"line":148,"column":18},"end":{"line":148,"column":62}}]},"25":{"line":147,"type":"cond-expr","locations":[{"start":{"line":147,"column":18},"end":{"line":148,"column":62}},{"start":{"line":149,"column":18},"end":{"line":149,"column":64}}]},"26":{"line":157,"type":"if","locations":[{"start":{"line":157,"column":12},"end":{"line":157,"column":12}},{"start":{"line":157,"column":12},"end":{"line":157,"column":12}}]},"27":{"line":162,"type":"if","locations":[{"start":{"line":162,"column":8},"end":{"line":162,"column":8}},{"start":{"line":162,"column":8},"end":{"line":162,"column":8}}]},"28":{"line":169,"type":"if","locations":[{"start":{"line":169,"column":12},"end":{"line":169,"column":12}},{"start":{"line":169,"column":12},"end":{"line":169,"column":12}}]},"29":{"line":174,"type":"if","locations":[{"start":{"line":174,"column":8},"end":{"line":174,"column":8}},{"start":{"line":174,"column":8},"end":{"line":174,"column":8}}]},"30":{"line":181,"type":"if","locations":[{"start":{"line":181,"column":12},"end":{"line":181,"column":12}},{"start":{"line":181,"column":12},"end":{"line":181,"column":12}}]},"31":{"line":187,"type":"if","locations":[{"start":{"line":187,"column":8},"end":{"line":187,"column":8}},{"start":{"line":187,"column":8},"end":{"line":187,"column":8}}]},"32":{"line":192,"type":"if","locations":[{"start":{"line":192,"column":8},"end":{"line":192,"column":8}},{"start":{"line":192,"column":8},"end":{"line":192,"column":8}}]},"33":{"line":198,"type":"if","locations":[{"start":{"line":198,"column":8},"end":{"line":198,"column":8}},{"start":{"line":198,"column":8},"end":{"line":198,"column":8}}]},"34":{"line":204,"type":"if","locations":[{"start":{"line":204,"column":8},"end":{"line":204,"column":8}},{"start":{"line":204,"column":8},"end":{"line":204,"column":8}}]},"35":{"line":215,"type":"if","locations":[{"start":{"line":215,"column":8},"end":{"line":215,"column":8}},{"start":{"line":215,"column":8},"end":{"line":215,"column":8}}]},"36":{"line":221,"type":"if","locations":[{"start":{"line":221,"column":8},"end":{"line":221,"column":8}},{"start":{"line":221,"column":8},"end":{"line":221,"column":8}}]},"37":{"line":227,"type":"if","locations":[{"start":{"line":227,"column":8},"end":{"line":227,"column":8}},{"start":{"line":227,"column":8},"end":{"line":227,"column":8}}]},"38":{"line":236,"type":"if","locations":[{"start":{"line":236,"column":12},"end":{"line":236,"column":12}},{"start":{"line":236,"column":12},"end":{"line":236,"column":12}}]},"39":{"line":245,"type":"if","locations":[{"start":{"line":245,"column":8},"end":{"line":245,"column":8}},{"start":{"line":245,"column":8},"end":{"line":245,"column":8}}]},"40":{"line":251,"type":"if","locations":[{"start":{"line":251,"column":8},"end":{"line":251,"column":8}},{"start":{"line":251,"column":8},"end":{"line":251,"column":8}}]},"41":{"line":259,"type":"if","locations":[{"start":{"line":259,"column":8},"end":{"line":259,"column":8}},{"start":{"line":259,"column":8},"end":{"line":259,"column":8}}]},"42":{"line":260,"type":"if","locations":[{"start":{"line":260,"column":8},"end":{"line":260,"column":8}},{"start":{"line":260,"column":8},"end":{"line":260,"column":8}}]},"43":{"line":266,"type":"if","locations":[{"start":{"line":266,"column":8},"end":{"line":266,"column":8}},{"start":{"line":266,"column":8},"end":{"line":266,"column":8}}]},"44":{"line":269,"type":"if","locations":[{"start":{"line":269,"column":12},"end":{"line":269,"column":12}},{"start":{"line":269,"column":12},"end":{"line":269,"column":12}}]},"45":{"line":272,"type":"if","locations":[{"start":{"line":272,"column":12},"end":{"line":272,"column":12}},{"start":{"line":272,"column":12},"end":{"line":272,"column":12}}]},"46":{"line":280,"type":"if","locations":[{"start":{"line":280,"column":16},"end":{"line":280,"column":16}},{"start":{"line":280,"column":16},"end":{"line":280,"column":16}}]},"47":{"line":281,"type":"if","locations":[{"start":{"line":281,"column":20},"end":{"line":281,"column":20}},{"start":{"line":281,"column":20},"end":{"line":281,"column":20}}]},"48":{"line":296,"type":"if","locations":[{"start":{"line":296,"column":8},"end":{"line":296,"column":8}},{"start":{"line":296,"column":8},"end":{"line":296,"column":8}}]},"49":{"line":297,"type":"if","locations":[{"start":{"line":297,"column":8},"end":{"line":297,"column":8}},{"start":{"line":297,"column":8},"end":{"line":297,"column":8}}]},"50":{"line":304,"type":"if","locations":[{"start":{"line":304,"column":8},"end":{"line":304,"column":8}},{"start":{"line":304,"column":8},"end":{"line":304,"column":8}}]},"51":{"line":305,"type":"if","locations":[{"start":{"line":305,"column":8},"end":{"line":305,"column":8}},{"start":{"line":305,"column":8},"end":{"line":305,"column":8}}]},"52":{"line":306,"type":"if","locations":[{"start":{"line":306,"column":8},"end":{"line":306,"column":8}},{"start":{"line":306,"column":8},"end":{"line":306,"column":8}}]},"53":{"line":308,"type":"if","locations":[{"start":{"line":308,"column":12},"end":{"line":308,"column":12}},{"start":{"line":308,"column":12},"end":{"line":308,"column":12}}]},"54":{"line":317,"type":"if","locations":[{"start":{"line":317,"column":8},"end":{"line":317,"column":8}},{"start":{"line":317,"column":8},"end":{"line":317,"column":8}}]},"55":{"line":318,"type":"if","locations":[{"start":{"line":318,"column":8},"end":{"line":318,"column":8}},{"start":{"line":318,"column":8},"end":{"line":318,"column":8}}]},"56":{"line":319,"type":"if","locations":[{"start":{"line":319,"column":8},"end":{"line":319,"column":8}},{"start":{"line":319,"column":8},"end":{"line":319,"column":8}}]},"57":{"line":320,"type":"if","locations":[{"start":{"line":320,"column":8},"end":{"line":320,"column":8}},{"start":{"line":320,"column":8},"end":{"line":320,"column":8}}]},"58":{"line":322,"type":"if","locations":[{"start":{"line":322,"column":12},"end":{"line":322,"column":12}},{"start":{"line":322,"column":12},"end":{"line":322,"column":12}}]},"59":{"line":331,"type":"if","locations":[{"start":{"line":331,"column":8},"end":{"line":331,"column":8}},{"start":{"line":331,"column":8},"end":{"line":331,"column":8}}]},"60":{"line":332,"type":"if","locations":[{"start":{"line":332,"column":8},"end":{"line":332,"column":8}},{"start":{"line":332,"column":8},"end":{"line":332,"column":8}}]},"61":{"line":333,"type":"if","locations":[{"start":{"line":333,"column":8},"end":{"line":333,"column":8}},{"start":{"line":333,"column":8},"end":{"line":333,"column":8}}]},"62":{"line":337,"type":"if","locations":[{"start":{"line":337,"column":8},"end":{"line":337,"column":8}},{"start":{"line":337,"column":8},"end":{"line":337,"column":8}}]},"63":{"line":339,"type":"if","locations":[{"start":{"line":339,"column":15},"end":{"line":339,"column":15}},{"start":{"line":339,"column":15},"end":{"line":339,"column":15}}]},"64":{"line":343,"type":"if","locations":[{"start":{"line":343,"column":8},"end":{"line":343,"column":8}},{"start":{"line":343,"column":8},"end":{"line":343,"column":8}}]},"65":{"line":357,"type":"if","locations":[{"start":{"line":357,"column":8},"end":{"line":357,"column":8}},{"start":{"line":357,"column":8},"end":{"line":357,"column":8}}]},"66":{"line":358,"type":"if","locations":[{"start":{"line":358,"column":8},"end":{"line":358,"column":8}},{"start":{"line":358,"column":8},"end":{"line":358,"column":8}}]},"67":{"line":359,"type":"if","locations":[{"start":{"line":359,"column":8},"end":{"line":359,"column":8}},{"start":{"line":359,"column":8},"end":{"line":359,"column":8}}]},"68":{"line":370,"type":"if","locations":[{"start":{"line":370,"column":12},"end":{"line":370,"column":12}},{"start":{"line":370,"column":12},"end":{"line":370,"column":12}}]},"69":{"line":378,"type":"if","locations":[{"start":{"line":378,"column":12},"end":{"line":378,"column":12}},{"start":{"line":378,"column":12},"end":{"line":378,"column":12}}]},"70":{"line":379,"type":"if","locations":[{"start":{"line":379,"column":16},"end":{"line":379,"column":16}},{"start":{"line":379,"column":16},"end":{"line":379,"column":16}}]},"71":{"line":382,"type":"if","locations":[{"start":{"line":382,"column":12},"end":{"line":382,"column":12}},{"start":{"line":382,"column":12},"end":{"line":382,"column":12}}]},"72":{"line":384,"type":"if","locations":[{"start":{"line":384,"column":16},"end":{"line":384,"column":16}},{"start":{"line":384,"column":16},"end":{"line":384,"column":16}}]},"73":{"line":387,"type":"if","locations":[{"start":{"line":387,"column":12},"end":{"line":387,"column":12}},{"start":{"line":387,"column":12},"end":{"line":387,"column":12}}]},"74":{"line":388,"type":"if","locations":[{"start":{"line":388,"column":16},"end":{"line":388,"column":16}},{"start":{"line":388,"column":16},"end":{"line":388,"column":16}}]},"75":{"line":391,"type":"if","locations":[{"start":{"line":391,"column":12},"end":{"line":391,"column":12}},{"start":{"line":391,"column":12},"end":{"line":391,"column":12}}]},"76":{"line":393,"type":"if","locations":[{"start":{"line":393,"column":18},"end":{"line":393,"column":18}},{"start":{"line":393,"column":18},"end":{"line":393,"column":18}}]},"77":{"line":395,"type":"if","locations":[{"start":{"line":395,"column":18},"end":{"line":395,"column":18}},{"start":{"line":395,"column":18},"end":{"line":395,"column":18}}]},"78":{"line":399,"type":"if","locations":[{"start":{"line":399,"column":16},"end":{"line":399,"column":16}},{"start":{"line":399,"column":16},"end":{"line":399,"column":16}}]},"79":{"line":401,"type":"if","locations":[{"start":{"line":401,"column":22},"end":{"line":401,"column":22}},{"start":{"line":401,"column":22},"end":{"line":401,"column":22}}]},"80":{"line":403,"type":"if","locations":[{"start":{"line":403,"column":22},"end":{"line":403,"column":22}},{"start":{"line":403,"column":22},"end":{"line":403,"column":22}}]}}}}