{"contracts\\eagleairlinesticket.sol":{"l":{"46":1,"50":90,"51":85,"55":151,"56":151,"57":151,"58":148,"59":148,"62":151,"63":148,"67":13,"68":6,"69":6,"70":3,"71":3,"72":3,"75":6,"77":10,"81":73,"82":73,"83":4,"84":1,"85":1,"88":73,"89":72,"93":29,"94":26,"98":146,"99":146,"100":483,"101":143,"102":143,"105":146,"106":143,"110":27,"117":26,"121":143,"122":143,"123":571,"124":143,"125":3,"126":3,"130":143,"131":140,"135":104,"136":104,"137":232,"138":1,"139":1,"142":104,"143":103,"147":100,"151":99,"155":40,"156":40,"157":340,"158":39,"159":39,"162":40,"163":39,"167":39,"168":39,"169":339,"170":38,"171":38,"174":39,"175":38,"179":38,"180":38,"181":368,"183":1,"184":1,"187":38,"188":37,"194":3,"200":4,"206":3,"211":2,"217":4,"223":5,"229":21,"234":95,"235":95,"236":320,"237":95,"238":95,"241":95,"247":2,"253":3,"261":72,"262":72,"268":3,"269":16,"270":3,"272":13,"273":3,"278":10,"279":10,"280":440,"281":50,"282":10,"287":40,"288":40,"289":40,"298":103,"300":103,"307":13,"308":59,"309":13,"310":13,"311":13,"321":26,"322":91,"323":26,"324":26,"325":26,"336":99,"337":99,"338":63,"340":11,"343":99,"345":95,"351":95,"352":95,"353":95,"361":37,"362":37,"363":37,"364":37,"365":37,"366":37,"368":37,"370":337,"371":300,"373":37,"374":37,"375":37,"376":37,"378":37,"379":1,"382":36,"384":1,"387":35,"388":1,"391":34,"392":18,"394":1,"396":2,"398":13,"399":13,"400":1,"402":1,"404":1,"408":34,"409":34,"410":34,"411":34,"412":34,"413":34,"415":0,"419":351,"423":108,"424":108},"path":"C:\\Users\\sudhe\\OneDrive\\Projects\\IIT-M\\Capstone\\eagleairlinesticket\\hardhat\\contracts\\eagleairlinesticket.sol","s":{"1":90,"2":151,"3":151,"4":151,"5":151,"6":13,"7":6,"8":6,"9":3,"10":6,"11":73,"12":73,"13":4,"14":73,"15":29,"16":146,"17":146,"18":483,"19":146,"20":27,"21":143,"22":143,"23":571,"24":143,"25":143,"26":104,"27":104,"28":232,"29":104,"30":100,"31":40,"32":40,"33":340,"34":40,"35":39,"36":39,"37":339,"38":39,"39":38,"40":38,"41":368,"42":38,"43":3,"44":4,"45":3,"46":2,"47":4,"48":5,"49":21,"50":95,"51":95,"52":320,"53":95,"54":2,"55":3,"56":72,"57":72,"58":3,"59":16,"60":13,"61":10,"62":440,"63":50,"64":40,"65":40,"66":40,"67":103,"68":103,"69":13,"70":59,"71":13,"72":26,"73":91,"74":26,"75":99,"76":99,"77":36,"78":99,"79":95,"80":95,"81":95,"82":95,"83":37,"84":37,"85":37,"86":37,"87":37,"88":37,"89":37,"90":337,"91":37,"92":1,"93":36,"94":1,"95":35,"96":1,"97":34,"98":16,"99":15,"100":13,"101":12,"102":11,"103":34,"104":34,"105":34,"106":34,"107":0,"108":351,"109":108,"110":108},"b":{"1":[85,5],"2":[148,3],"3":[148,3],"4":[6,7],"5":[3,0],"6":[3,3],"7":[1,3],"8":[72,1],"9":[26,3],"10":[143,340],"11":[143,3],"12":[26,1],"13":[1,12],"14":[12,2],"15":[2,2],"16":[2,2],"17":[2,7],"18":[143,428],"19":[3,140],"20":[140,3],"21":[1,231],"22":[103,1],"23":[99,1],"24":[25,11],"25":[11,63],"26":[39,301],"27":[39,1],"28":[38,301],"29":[38,1],"30":[1,367],"31":[37,1],"32":[3,1],"33":[4,1],"34":[3,1],"35":[4,1],"36":[5,1],"37":[21,1],"38":[95,225],"39":[2,1],"40":[3,1],"41":[73,1],"42":[72,1],"43":[3,2],"44":[3,13],"45":[3,10],"46":[50,390],"47":[10,40],"48":[104,1],"49":[103,1],"50":[15,1],"51":[14,1],"52":[13,1],"53":[13,46],"54":[29,1],"55":[28,1],"56":[27,1],"57":[26,1],"58":[26,65],"59":[101,1],"60":[100,1],"61":[99,1],"62":[63,36],"63":[11,25],"64":[95,4],"65":[39,1],"66":[38,1],"67":[37,1],"68":[300,37],"69":[1,36],"70":[0,1],"71":[1,35],"72":[0,1],"73":[1,34],"74":[0,1],"75":[18,16],"76":[1,15],"77":[2,13],"78":[1,12],"79":[1,11],"80":[1,10]},"f":{"1":1,"2":90,"3":151,"4":13,"5":73,"6":29,"7":146,"8":27,"9":143,"10":104,"11":100,"12":40,"13":39,"14":38,"15":3,"16":4,"17":3,"18":2,"19":4,"20":5,"21":21,"22":95,"23":2,"24":3,"25":72,"26":3,"27":103,"28":13,"29":26,"30":99,"31":37,"32":351,"33":108},"fnMap":{"1":{"name":"constructor","line":45,"loc":{"start":{"line":45,"column":4},"end":{"line":47,"column":4}}},"2":{"name":"checkIfAdminUser","line":49,"loc":{"start":{"line":49,"column":4},"end":{"line":52,"column":4}}},"3":{"name":"checkIfOpsUser","line":54,"loc":{"start":{"line":54,"column":4},"end":{"line":64,"column":4}}},"4":{"name":"checkIfOpsOrAdminUser","line":66,"loc":{"start":{"line":66,"column":4},"end":{"line":78,"column":4}}},"5":{"name":"checkIfNewOpsUser","line":80,"loc":{"start":{"line":80,"column":4},"end":{"line":90,"column":4}}},"6":{"name":"checkIfOperationsStarted","line":92,"loc":{"start":{"line":92,"column":4},"end":{"line":95,"column":4}}},"7":{"name":"checkIfValidFlight","line":97,"loc":{"start":{"line":97,"column":4},"end":{"line":107,"column":4}}},"8":{"name":"checkIfValidFlightStatus","line":109,"loc":{"start":{"line":109,"column":4},"end":{"line":118,"column":4}}},"9":{"name":"checkIfFlightNotCancelled","line":120,"loc":{"start":{"line":120,"column":4},"end":{"line":132,"column":4}}},"10":{"name":"checkIfScheduleAlreadyExists","line":134,"loc":{"start":{"line":134,"column":4},"end":{"line":144,"column":4}}},"11":{"name":"checkIfValidSeatCategory","line":146,"loc":{"start":{"line":146,"column":4},"end":{"line":152,"column":4}}},"12":{"name":"checkIfValidTicket","line":154,"loc":{"start":{"line":154,"column":4},"end":{"line":164,"column":4}}},"13":{"name":"checkIfUserBookedTicket","line":166,"loc":{"start":{"line":166,"column":4},"end":{"line":176,"column":4}}},"14":{"name":"checkIfTicketAlreadyCancelled","line":178,"loc":{"start":{"line":178,"column":4},"end":{"line":189,"column":4}}},"15":{"name":"getAdminUser","line":192,"loc":{"start":{"line":191,"column":4},"end":{"line":195,"column":4}}},"16":{"name":"getContractBalance","line":198,"loc":{"start":{"line":197,"column":4},"end":{"line":201,"column":4}}},"17":{"name":"getContractAddress","line":204,"loc":{"start":{"line":203,"column":4},"end":{"line":207,"column":4}}},"18":{"name":"getCurrentTimestamp","line":209,"loc":{"start":{"line":209,"column":4},"end":{"line":212,"column":4}}},"19":{"name":"getOpsUsers","line":215,"loc":{"start":{"line":214,"column":4},"end":{"line":218,"column":4}}},"20":{"name":"getOpsUsersCount","line":221,"loc":{"start":{"line":220,"column":4},"end":{"line":224,"column":4}}},"21":{"name":"getFlightSchedules","line":227,"loc":{"start":{"line":226,"column":4},"end":{"line":230,"column":4}}},"22":{"name":"getFlightIndex","line":232,"loc":{"start":{"line":232,"column":4},"end":{"line":242,"column":4}}},"23":{"name":"getSeatCategories","line":245,"loc":{"start":{"line":244,"column":4},"end":{"line":248,"column":4}}},"24":{"name":"getTicketFares","line":251,"loc":{"start":{"line":250,"column":4},"end":{"line":256,"column":4}}},"25":{"name":"addOperator","line":260,"loc":{"start":{"line":258,"column":4},"end":{"line":263,"column":4}}},"26":{"name":"initiateSettlementAndArchiveCompletedFlights","line":266,"loc":{"start":{"line":265,"column":4},"end":{"line":293,"column":4}}},"27":{"name":"createSchedule","line":297,"loc":{"start":{"line":295,"column":4},"end":{"line":301,"column":4}}},"28":{"name":"cancelSchedule","line":306,"loc":{"start":{"line":303,"column":4},"end":{"line":314,"column":4}}},"29":{"name":"updateSchedule","line":320,"loc":{"start":{"line":316,"column":4},"end":{"line":328,"column":4}}},"30":{"name":"bookTicket","line":333,"loc":{"start":{"line":330,"column":4},"end":{"line":354,"column":4}}},"31":{"name":"cancelTicket","line":359,"loc":{"start":{"line":356,"column":4},"end":{"line":416,"column":4}}},"32":{"name":"emitEvent","line":418,"loc":{"start":{"line":418,"column":4},"end":{"line":420,"column":4}}},"33":{"name":"processPayment","line":422,"loc":{"start":{"line":422,"column":3},"end":{"line":426,"column":3}}}},"statementMap":{"1":{"start":{"line":50,"column":8},"end":{"line":50,"column":50}},"2":{"start":{"line":55,"column":8},"end":{"line":55,"column":30}},"3":{"start":{"line":56,"column":8},"end":{"line":56,"column":1710}},"4":{"start":{"line":57,"column":12},"end":{"line":57,"column":1768}},"5":{"start":{"line":62,"column":8},"end":{"line":62,"column":47}},"6":{"start":{"line":67,"column":8},"end":{"line":67,"column":2011}},"7":{"start":{"line":68,"column":12},"end":{"line":68,"column":34}},"8":{"start":{"line":69,"column":12},"end":{"line":69,"column":2088}},"9":{"start":{"line":70,"column":16},"end":{"line":70,"column":2150}},"10":{"start":{"line":75,"column":12},"end":{"line":75,"column":57}},"11":{"start":{"line":81,"column":8},"end":{"line":81,"column":30}},"12":{"start":{"line":82,"column":8},"end":{"line":82,"column":2453}},"13":{"start":{"line":83,"column":12},"end":{"line":83,"column":2511}},"14":{"start":{"line":88,"column":8},"end":{"line":88,"column":50}},"15":{"start":{"line":93,"column":8},"end":{"line":93,"column":58}},"16":{"start":{"line":98,"column":8},"end":{"line":98,"column":32}},"17":{"start":{"line":99,"column":8},"end":{"line":99,"column":2913}},"18":{"start":{"line":100,"column":12},"end":{"line":100,"column":2970}},"19":{"start":{"line":105,"column":8},"end":{"line":105,"column":54}},"20":{"start":{"line":110,"column":8},"end":{"line":110,"column":3270}},"21":{"start":{"line":121,"column":8},"end":{"line":121,"column":36}},"22":{"start":{"line":122,"column":8},"end":{"line":122,"column":3813}},"23":{"start":{"line":123,"column":12},"end":{"line":123,"column":3870}},"24":{"start":{"line":124,"column":16},"end":{"line":124,"column":3933}},"25":{"start":{"line":130,"column":8},"end":{"line":130,"column":66}},"26":{"start":{"line":135,"column":8},"end":{"line":135,"column":32}},"27":{"start":{"line":136,"column":8},"end":{"line":136,"column":4304}},"28":{"start":{"line":137,"column":12},"end":{"line":137,"column":4361}},"29":{"start":{"line":142,"column":8},"end":{"line":142,"column":54}},"30":{"start":{"line":147,"column":8},"end":{"line":147,"column":4666}},"31":{"start":{"line":155,"column":8},"end":{"line":155,"column":32}},"32":{"start":{"line":156,"column":8},"end":{"line":156,"column":4988}},"33":{"start":{"line":157,"column":12},"end":{"line":157,"column":5045}},"34":{"start":{"line":162,"column":8},"end":{"line":162,"column":54}},"35":{"start":{"line":167,"column":8},"end":{"line":167,"column":35}},"36":{"start":{"line":168,"column":8},"end":{"line":168,"column":5365}},"37":{"start":{"line":169,"column":12},"end":{"line":169,"column":5422}},"38":{"start":{"line":174,"column":8},"end":{"line":174,"column":62}},"39":{"start":{"line":179,"column":8},"end":{"line":179,"column":37}},"40":{"start":{"line":180,"column":8},"end":{"line":180,"column":5776}},"41":{"start":{"line":181,"column":12},"end":{"line":181,"column":5833}},"42":{"start":{"line":187,"column":8},"end":{"line":187,"column":67}},"43":{"start":{"line":194,"column":8},"end":{"line":194,"column":25}},"44":{"start":{"line":200,"column":8},"end":{"line":200,"column":36}},"45":{"start":{"line":206,"column":8},"end":{"line":206,"column":28}},"46":{"start":{"line":211,"column":8},"end":{"line":211,"column":30}},"47":{"start":{"line":217,"column":8},"end":{"line":217,"column":24}},"48":{"start":{"line":223,"column":8},"end":{"line":223,"column":31}},"49":{"start":{"line":229,"column":8},"end":{"line":229,"column":23}},"50":{"start":{"line":234,"column":2},"end":{"line":234,"column":16}},"51":{"start":{"line":235,"column":8},"end":{"line":235,"column":7301}},"52":{"start":{"line":236,"column":12},"end":{"line":236,"column":7363}},"53":{"start":{"line":241,"column":8},"end":{"line":241,"column":20}},"54":{"start":{"line":247,"column":8},"end":{"line":247,"column":46}},"55":{"start":{"line":253,"column":8},"end":{"line":253,"column":7841}},"56":{"start":{"line":261,"column":8},"end":{"line":261,"column":37}},"57":{"start":{"line":262,"column":8},"end":{"line":262,"column":54}},"58":{"start":{"line":268,"column":8},"end":{"line":268,"column":8336}},"59":{"start":{"line":269,"column":12},"end":{"line":269,"column":8393}},"60":{"start":{"line":272,"column":12},"end":{"line":272,"column":8515}},"61":{"start":{"line":279,"column":12},"end":{"line":279,"column":8927}},"62":{"start":{"line":280,"column":16},"end":{"line":280,"column":8988}},"63":{"start":{"line":281,"column":20},"end":{"line":281,"column":9068}},"64":{"start":{"line":287,"column":20},"end":{"line":287,"column":70}},"65":{"start":{"line":288,"column":20},"end":{"line":288,"column":82}},"66":{"start":{"line":289,"column":20},"end":{"line":289,"column":83}},"67":{"start":{"line":298,"column":8},"end":{"line":298,"column":9922}},"68":{"start":{"line":300,"column":8},"end":{"line":300,"column":58}},"69":{"start":{"line":307,"column":8},"end":{"line":307,"column":10258}},"70":{"start":{"line":308,"column":12},"end":{"line":308,"column":10316}},"71":{"start":{"line":310,"column":16},"end":{"line":310,"column":68}},"72":{"start":{"line":321,"column":8},"end":{"line":321,"column":10812}},"73":{"start":{"line":322,"column":12},"end":{"line":322,"column":10868}},"74":{"start":{"line":324,"column":16},"end":{"line":324,"column":74}},"75":{"start":{"line":336,"column":8},"end":{"line":336,"column":38}},"76":{"start":{"line":337,"column":8},"end":{"line":337,"column":11404}},"77":{"start":{"line":339,"column":15},"end":{"line":339,"column":11519}},"78":{"start":{"line":343,"column":8},"end":{"line":343,"column":70}},"79":{"start":{"line":345,"column":8},"end":{"line":345,"column":11788}},"80":{"start":{"line":351,"column":8},"end":{"line":351,"column":31}},"81":{"start":{"line":352,"column":8},"end":{"line":352,"column":66}},"82":{"start":{"line":353,"column":8},"end":{"line":353,"column":24}},"83":{"start":{"line":361,"column":8},"end":{"line":361,"column":25}},"84":{"start":{"line":362,"column":8},"end":{"line":362,"column":28}},"85":{"start":{"line":363,"column":8},"end":{"line":363,"column":24}},"86":{"start":{"line":364,"column":8},"end":{"line":364,"column":23}},"87":{"start":{"line":365,"column":8},"end":{"line":365,"column":25}},"88":{"start":{"line":366,"column":8},"end":{"line":366,"column":23}},"89":{"start":{"line":368,"column":8},"end":{"line":368,"column":12732}},"90":{"start":{"line":370,"column":12},"end":{"line":370,"column":12803}},"91":{"start":{"line":378,"column":12},"end":{"line":378,"column":13103}},"92":{"start":{"line":379,"column":16},"end":{"line":379,"column":65}},"93":{"start":{"line":382,"column":12},"end":{"line":382,"column":13249}},"94":{"start":{"line":384,"column":16},"end":{"line":384,"column":81}},"95":{"start":{"line":387,"column":12},"end":{"line":387,"column":13469}},"96":{"start":{"line":388,"column":16},"end":{"line":388,"column":70}},"97":{"start":{"line":391,"column":12},"end":{"line":391,"column":13625}},"98":{"start":{"line":393,"column":18},"end":{"line":393,"column":13767}},"99":{"start":{"line":395,"column":18},"end":{"line":395,"column":13908}},"100":{"start":{"line":399,"column":16},"end":{"line":399,"column":14114}},"101":{"start":{"line":401,"column":22},"end":{"line":401,"column":14278}},"102":{"start":{"line":403,"column":22},"end":{"line":403,"column":14442}},"103":{"start":{"line":409,"column":12},"end":{"line":409,"column":58}},"104":{"start":{"line":410,"column":12},"end":{"line":410,"column":54}},"105":{"start":{"line":412,"column":12},"end":{"line":412,"column":75}},"106":{"start":{"line":413,"column":12},"end":{"line":413,"column":23}},"107":{"start":{"line":415,"column":8},"end":{"line":415,"column":20}},"108":{"start":{"line":419,"column":8},"end":{"line":419,"column":70}},"109":{"start":{"line":423,"column":8},"end":{"line":423,"column":88}},"110":{"start":{"line":424,"column":8},"end":{"line":424,"column":15420}}},"branchMap":{"1":{"line":50,"type":"if","locations":[{"start":{"line":50,"column":8},"end":{"line":50,"column":8}},{"start":{"line":50,"column":8},"end":{"line":50,"column":8}}]},"2":{"line":57,"type":"if","locations":[{"start":{"line":57,"column":12},"end":{"line":57,"column":12}},{"start":{"line":57,"column":12},"end":{"line":57,"column":12}}]},"3":{"line":62,"type":"if","locations":[{"start":{"line":62,"column":8},"end":{"line":62,"column":8}},{"start":{"line":62,"column":8},"end":{"line":62,"column":8}}]},"4":{"line":67,"type":"if","locations":[{"start":{"line":67,"column":8},"end":{"line":67,"column":8}},{"start":{"line":67,"column":8},"end":{"line":67,"column":8}}]},"5":{"line":70,"type":"if","locations":[{"start":{"line":70,"column":16},"end":{"line":70,"column":16}},{"start":{"line":70,"column":16},"end":{"line":70,"column":16}}]},"6":{"line":75,"type":"if","locations":[{"start":{"line":75,"column":12},"end":{"line":75,"column":12}},{"start":{"line":75,"column":12},"end":{"line":75,"column":12}}]},"7":{"line":83,"type":"if","locations":[{"start":{"line":83,"column":12},"end":{"line":83,"column":12}},{"start":{"line":83,"column":12},"end":{"line":83,"column":12}}]},"8":{"line":88,"type":"if","locations":[{"start":{"line":88,"column":8},"end":{"line":88,"column":8}},{"start":{"line":88,"column":8},"end":{"line":88,"column":8}}]},"9":{"line":93,"type":"if","locations":[{"start":{"line":93,"column":8},"end":{"line":93,"column":8}},{"start":{"line":93,"column":8},"end":{"line":93,"column":8}}]},"10":{"line":100,"type":"if","locations":[{"start":{"line":100,"column":12},"end":{"line":100,"column":12}},{"start":{"line":100,"column":12},"end":{"line":100,"column":12}}]},"11":{"line":105,"type":"if","locations":[{"start":{"line":105,"column":8},"end":{"line":105,"column":8}},{"start":{"line":105,"column":8},"end":{"line":105,"column":8}}]},"12":{"line":110,"type":"if","locations":[{"start":{"line":110,"column":8},"end":{"line":110,"column":8}},{"start":{"line":110,"column":8},"end":{"line":110,"column":8}}]},"13":{"line":110,"type":"cond-expr","locations":[{"start":{"line":110,"column":18},"end":{"line":110,"column":63}},{"start":{"line":111,"column":13},"end":{"line":111,"column":56}}]},"14":{"line":110,"type":"cond-expr","locations":[{"start":{"line":110,"column":18},"end":{"line":111,"column":56}},{"start":{"line":112,"column":13},"end":{"line":112,"column":64}}]},"15":{"line":110,"type":"cond-expr","locations":[{"start":{"line":110,"column":18},"end":{"line":112,"column":64}},{"start":{"line":113,"column":13},"end":{"line":113,"column":64}}]},"16":{"line":110,"type":"cond-expr","locations":[{"start":{"line":110,"column":18},"end":{"line":113,"column":64}},{"start":{"line":114,"column":13},"end":{"line":114,"column":74}}]},"17":{"line":110,"type":"cond-expr","locations":[{"start":{"line":110,"column":18},"end":{"line":114,"column":74}},{"start":{"line":115,"column":13},"end":{"line":115,"column":58}}]},"18":{"line":123,"type":"if","locations":[{"start":{"line":123,"column":12},"end":{"line":123,"column":12}},{"start":{"line":123,"column":12},"end":{"line":123,"column":12}}]},"19":{"line":124,"type":"if","locations":[{"start":{"line":124,"column":16},"end":{"line":124,"column":16}},{"start":{"line":124,"column":16},"end":{"line":124,"column":16}}]},"20":{"line":130,"type":"if","locations":[{"start":{"line":130,"column":8},"end":{"line":130,"column":8}},{"start":{"line":130,"column":8},"end":{"line":130,"column":8}}]},"21":{"line":137,"type":"if","locations":[{"start":{"line":137,"column":12},"end":{"line":137,"column":12}},{"start":{"line":137,"column":12},"end":{"line":137,"column":12}}]},"22":{"line":142,"type":"if","locations":[{"start":{"line":142,"column":8},"end":{"line":142,"column":8}},{"start":{"line":142,"column":8},"end":{"line":142,"column":8}}]},"23":{"line":147,"type":"if","locations":[{"start":{"line":147,"column":8},"end":{"line":147,"column":8}},{"start":{"line":147,"column":8},"end":{"line":147,"column":8}}]},"24":{"line":147,"type":"cond-expr","locations":[{"start":{"line":147,"column":18},"end":{"line":147,"column":61}},{"start":{"line":148,"column":18},"end":{"line":148,"column":62}}]},"25":{"line":147,"type":"cond-expr","locations":[{"start":{"line":147,"column":18},"end":{"line":148,"column":62}},{"start":{"line":149,"column":18},"end":{"line":149,"column":64}}]},"26":{"line":157,"type":"if","locations":[{"start":{"line":157,"column":12},"end":{"line":157,"column":12}},{"start":{"line":157,"column":12},"end":{"line":157,"column":12}}]},"27":{"line":162,"type":"if","locations":[{"start":{"line":162,"column":8},"end":{"line":162,"column":8}},{"start":{"line":162,"column":8},"end":{"line":162,"column":8}}]},"28":{"line":169,"type":"if","locations":[{"start":{"line":169,"column":12},"end":{"line":169,"column":12}},{"start":{"line":169,"column":12},"end":{"line":169,"column":12}}]},"29":{"line":174,"type":"if","locations":[{"start":{"line":174,"column":8},"end":{"line":174,"column":8}},{"start":{"line":174,"column":8},"end":{"line":174,"column":8}}]},"30":{"line":181,"type":"if","locations":[{"start":{"line":181,"column":12},"end":{"line":181,"column":12}},{"start":{"line":181,"column":12},"end":{"line":181,"column":12}}]},"31":{"line":187,"type":"if","locations":[{"start":{"line":187,"column":8},"end":{"line":187,"column":8}},{"start":{"line":187,"column":8},"end":{"line":187,"column":8}}]},"32":{"line":192,"type":"if","locations":[{"start":{"line":192,"column":8},"end":{"line":192,"column":8}},{"start":{"line":192,"column":8},"end":{"line":192,"column":8}}]},"33":{"line":198,"type":"if","locations":[{"start":{"line":198,"column":8},"end":{"line":198,"column":8}},{"start":{"line":198,"column":8},"end":{"line":198,"column":8}}]},"34":{"line":204,"type":"if","locations":[{"start":{"line":204,"column":8},"end":{"line":204,"column":8}},{"start":{"line":204,"column":8},"end":{"line":204,"column":8}}]},"35":{"line":215,"type":"if","locations":[{"start":{"line":215,"column":8},"end":{"line":215,"column":8}},{"start":{"line":215,"column":8},"end":{"line":215,"column":8}}]},"36":{"line":221,"type":"if","locations":[{"start":{"line":221,"column":8},"end":{"line":221,"column":8}},{"start":{"line":221,"column":8},"end":{"line":221,"column":8}}]},"37":{"line":227,"type":"if","locations":[{"start":{"line":227,"column":8},"end":{"line":227,"column":8}},{"start":{"line":227,"column":8},"end":{"line":227,"column":8}}]},"38":{"line":236,"type":"if","locations":[{"start":{"line":236,"column":12},"end":{"line":236,"column":12}},{"start":{"line":236,"column":12},"end":{"line":236,"column":12}}]},"39":{"line":245,"type":"if","locations":[{"start":{"line":245,"column":8},"end":{"line":245,"column":8}},{"start":{"line":245,"column":8},"end":{"line":245,"column":8}}]},"40":{"line":251,"type":"if","locations":[{"start":{"line":251,"column":8},"end":{"line":251,"column":8}},{"start":{"line":251,"column":8},"end":{"line":251,"column":8}}]},"41":{"line":259,"type":"if","locations":[{"start":{"line":259,"column":8},"end":{"line":259,"column":8}},{"start":{"line":259,"column":8},"end":{"line":259,"column":8}}]},"42":{"line":260,"type":"if","locations":[{"start":{"line":260,"column":8},"end":{"line":260,"column":8}},{"start":{"line":260,"column":8},"end":{"line":260,"column":8}}]},"43":{"line":266,"type":"if","locations":[{"start":{"line":266,"column":8},"end":{"line":266,"column":8}},{"start":{"line":266,"column":8},"end":{"line":266,"column":8}}]},"44":{"line":269,"type":"if","locations":[{"start":{"line":269,"column":12},"end":{"line":269,"column":12}},{"start":{"line":269,"column":12},"end":{"line":269,"column":12}}]},"45":{"line":272,"type":"if","locations":[{"start":{"line":272,"column":12},"end":{"line":272,"column":12}},{"start":{"line":272,"column":12},"end":{"line":272,"column":12}}]},"46":{"line":280,"type":"if","locations":[{"start":{"line":280,"column":16},"end":{"line":280,"column":16}},{"start":{"line":280,"column":16},"end":{"line":280,"column":16}}]},"47":{"line":281,"type":"if","locations":[{"start":{"line":281,"column":20},"end":{"line":281,"column":20}},{"start":{"line":281,"column":20},"end":{"line":281,"column":20}}]},"48":{"line":296,"type":"if","locations":[{"start":{"line":296,"column":8},"end":{"line":296,"column":8}},{"start":{"line":296,"column":8},"end":{"line":296,"column":8}}]},"49":{"line":297,"type":"if","locations":[{"start":{"line":297,"column":8},"end":{"line":297,"column":8}},{"start":{"line":297,"column":8},"end":{"line":297,"column":8}}]},"50":{"line":304,"type":"if","locations":[{"start":{"line":304,"column":8},"end":{"line":304,"column":8}},{"start":{"line":304,"column":8},"end":{"line":304,"column":8}}]},"51":{"line":305,"type":"if","locations":[{"start":{"line":305,"column":8},"end":{"line":305,"column":8}},{"start":{"line":305,"column":8},"end":{"line":305,"column":8}}]},"52":{"line":306,"type":"if","locations":[{"start":{"line":306,"column":8},"end":{"line":306,"column":8}},{"start":{"line":306,"column":8},"end":{"line":306,"column":8}}]},"53":{"line":308,"type":"if","locations":[{"start":{"line":308,"column":12},"end":{"line":308,"column":12}},{"start":{"line":308,"column":12},"end":{"line":308,"column":12}}]},"54":{"line":317,"type":"if","locations":[{"start":{"line":317,"column":8},"end":{"line":317,"column":8}},{"start":{"line":317,"column":8},"end":{"line":317,"column":8}}]},"55":{"line":318,"type":"if","locations":[{"start":{"line":318,"column":8},"end":{"line":318,"column":8}},{"start":{"line":318,"column":8},"end":{"line":318,"column":8}}]},"56":{"line":319,"type":"if","locations":[{"start":{"line":319,"column":8},"end":{"line":319,"column":8}},{"start":{"line":319,"column":8},"end":{"line":319,"column":8}}]},"57":{"line":320,"type":"if","locations":[{"start":{"line":320,"column":8},"end":{"line":320,"column":8}},{"start":{"line":320,"column":8},"end":{"line":320,"column":8}}]},"58":{"line":322,"type":"if","locations":[{"start":{"line":322,"column":12},"end":{"line":322,"column":12}},{"start":{"line":322,"column":12},"end":{"line":322,"column":12}}]},"59":{"line":331,"type":"if","locations":[{"start":{"line":331,"column":8},"end":{"line":331,"column":8}},{"start":{"line":331,"column":8},"end":{"line":331,"column":8}}]},"60":{"line":332,"type":"if","locations":[{"start":{"line":332,"column":8},"end":{"line":332,"column":8}},{"start":{"line":332,"column":8},"end":{"line":332,"column":8}}]},"61":{"line":333,"type":"if","locations":[{"start":{"line":333,"column":8},"end":{"line":333,"column":8}},{"start":{"line":333,"column":8},"end":{"line":333,"column":8}}]},"62":{"line":337,"type":"if","locations":[{"start":{"line":337,"column":8},"end":{"line":337,"column":8}},{"start":{"line":337,"column":8},"end":{"line":337,"column":8}}]},"63":{"line":339,"type":"if","locations":[{"start":{"line":339,"column":15},"end":{"line":339,"column":15}},{"start":{"line":339,"column":15},"end":{"line":339,"column":15}}]},"64":{"line":343,"type":"if","locations":[{"start":{"line":343,"column":8},"end":{"line":343,"column":8}},{"start":{"line":343,"column":8},"end":{"line":343,"column":8}}]},"65":{"line":357,"type":"if","locations":[{"start":{"line":357,"column":8},"end":{"line":357,"column":8}},{"start":{"line":357,"column":8},"end":{"line":357,"column":8}}]},"66":{"line":358,"type":"if","locations":[{"start":{"line":358,"column":8},"end":{"line":358,"column":8}},{"start":{"line":358,"column":8},"end":{"line":358,"column":8}}]},"67":{"line":359,"type":"if","locations":[{"start":{"line":359,"column":8},"end":{"line":359,"column":8}},{"start":{"line":359,"column":8},"end":{"line":359,"column":8}}]},"68":{"line":370,"type":"if","locations":[{"start":{"line":370,"column":12},"end":{"line":370,"column":12}},{"start":{"line":370,"column":12},"end":{"line":370,"column":12}}]},"69":{"line":378,"type":"if","locations":[{"start":{"line":378,"column":12},"end":{"line":378,"column":12}},{"start":{"line":378,"column":12},"end":{"line":378,"column":12}}]},"70":{"line":379,"type":"if","locations":[{"start":{"line":379,"column":16},"end":{"line":379,"column":16}},{"start":{"line":379,"column":16},"end":{"line":379,"column":16}}]},"71":{"line":382,"type":"if","locations":[{"start":{"line":382,"column":12},"end":{"line":382,"column":12}},{"start":{"line":382,"column":12},"end":{"line":382,"column":12}}]},"72":{"line":384,"type":"if","locations":[{"start":{"line":384,"column":16},"end":{"line":384,"column":16}},{"start":{"line":384,"column":16},"end":{"line":384,"column":16}}]},"73":{"line":387,"type":"if","locations":[{"start":{"line":387,"column":12},"end":{"line":387,"column":12}},{"start":{"line":387,"column":12},"end":{"line":387,"column":12}}]},"74":{"line":388,"type":"if","locations":[{"start":{"line":388,"column":16},"end":{"line":388,"column":16}},{"start":{"line":388,"column":16},"end":{"line":388,"column":16}}]},"75":{"line":391,"type":"if","locations":[{"start":{"line":391,"column":12},"end":{"line":391,"column":12}},{"start":{"line":391,"column":12},"end":{"line":391,"column":12}}]},"76":{"line":393,"type":"if","locations":[{"start":{"line":393,"column":18},"end":{"line":393,"column":18}},{"start":{"line":393,"column":18},"end":{"line":393,"column":18}}]},"77":{"line":395,"type":"if","locations":[{"start":{"line":395,"column":18},"end":{"line":395,"column":18}},{"start":{"line":395,"column":18},"end":{"line":395,"column":18}}]},"78":{"line":399,"type":"if","locations":[{"start":{"line":399,"column":16},"end":{"line":399,"column":16}},{"start":{"line":399,"column":16},"end":{"line":399,"column":16}}]},"79":{"line":401,"type":"if","locations":[{"start":{"line":401,"column":22},"end":{"line":401,"column":22}},{"start":{"line":401,"column":22},"end":{"line":401,"column":22}}]},"80":{"line":403,"type":"if","locations":[{"start":{"line":403,"column":22},"end":{"line":403,"column":22}},{"start":{"line":403,"column":22},"end":{"line":403,"column":22}}]}}}}